default,account_check_status,duration_in_month,credit_history,purpose,credit_amount,savings,present_emp_since,installment_as_income_perc,personal_status_sex,other_debtors,present_res_since,property,age,other_installment_plans,housing,credits_this_bank,job,people_under_maintenance,telephone,foreign_worker
0,2,6,2,1,1169,2,2,4,1,0,4,2,67,0,1,2,1,1,1,1
1,3,48,1,1,5951,1,1,2,2,0,2,2,22,0,1,1,1,1,0,1
0,1,12,2,6,2096,1,3,2,1,0,3,2,49,0,1,1,2,2,0,1
0,2,42,1,3,7882,1,3,2,1,1,4,3,45,0,3,1,1,2,0,1
1,2,24,3,2,4870,1,1,3,1,0,4,4,53,0,3,2,1,2,0,1
0,1,36,1,6,9055,2,1,2,1,0,4,4,35,0,3,1,2,2,1,1
0,1,24,1,3,2835,4,2,3,1,0,4,3,53,0,1,1,1,1,0,1
0,3,36,1,4,6948,1,1,2,1,0,2,1,35,0,2,1,3,1,1,1
0,1,12,1,1,3059,5,3,2,4,0,4,2,61,0,1,1,2,1,0,1
1,3,30,2,2,5234,1,5,4,3,0,2,1,28,0,1,2,3,1,0,1
1,3,12,1,2,1295,1,4,3,2,0,1,1,25,0,2,1,1,1,0,1
1,2,48,1,5,4308,1,4,3,2,0,4,3,24,0,2,1,1,1,0,1
0,3,12,1,1,1567,1,1,1,2,0,1,1,22,0,1,1,1,1,1,1
1,2,24,2,2,1199,1,2,4,1,0,4,1,60,0,1,2,2,1,0,1
0,2,15,1,2,1403,1,1,2,2,0,4,1,28,0,2,1,1,1,0,1
1,2,24,1,1,1282,3,1,4,2,0,2,1,32,0,1,1,2,1,0,1
0,1,24,2,1,2424,2,2,4,1,0,4,3,53,0,1,2,1,1,0,1
0,2,30,5,5,8072,2,4,2,1,0,3,1,25,1,1,3,1,1,0,1
1,3,24,1,4,12579,1,2,4,2,0,2,4,44,0,3,1,3,1,1,1
0,1,24,1,1,3430,4,2,3,1,0,2,1,31,0,1,1,1,2,1,1
0,1,9,2,2,2134,1,1,4,1,0,4,1,48,0,1,3,1,1,1,1
0,2,6,1,1,2647,4,1,2,1,0,3,2,44,0,2,1,1,2,0,1
0,2,10,2,2,2241,1,4,1,1,0,3,2,48,0,2,2,2,2,0,0
0,3,12,2,4,1804,3,4,3,1,0,4,3,44,0,1,1,1,1,0,1
0,1,10,2,3,2069,2,1,2,3,0,1,1,26,0,1,2,1,1,0,0
0,2,6,1,3,1374,1,1,1,1,0,2,2,36,1,1,1,2,1,1,1
0,1,6,5,1,426,1,2,4,3,0,4,1,39,0,1,1,2,1,0,1
0,4,12,4,1,409,5,1,3,2,0,3,2,42,0,2,2,1,1,0,1
0,3,7,1,1,2415,1,1,3,1,1,2,2,34,0,1,1,1,1,0,1
1,2,60,3,5,6836,1,2,3,1,0,4,4,63,0,1,2,1,1,1,1
0,3,18,1,5,1913,5,4,3,3,0,3,2,36,1,1,1,1,1,1,1
0,2,24,1,3,4020,1,1,2,1,0,2,1,27,2,1,1,1,1,0,1
0,3,18,1,2,5866,3,1,2,1,0,2,1,30,0,1,2,1,1,1,1
0,1,12,2,5,1264,2,2,4,1,0,4,4,57,0,2,1,2,1,0,1
0,4,12,1,3,1474,1,4,4,2,0,1,3,33,1,1,1,3,1,1,1
1,3,45,2,1,4746,1,4,4,1,0,2,3,25,0,1,2,2,1,0,1
0,1,48,2,6,6110,1,1,1,1,0,3,4,31,1,3,1,1,1,1,1
1,4,18,1,1,2100,1,1,4,1,2,2,2,37,2,1,1,1,1,0,1
0,4,10,1,8,1225,1,1,2,1,0,2,1,37,0,1,1,1,1,1,1
0,3,9,1,1,458,1,1,4,1,0,3,2,24,0,1,1,1,1,0,1
0,1,30,1,1,2333,4,2,4,1,0,2,1,30,1,1,1,3,1,0,1
0,3,12,1,1,1158,4,1,3,4,0,1,1,26,0,1,1,1,1,1,1
0,3,18,3,7,6204,1,1,2,1,0,4,2,44,0,1,1,2,2,1,1
0,2,30,2,4,6187,3,3,1,3,0,4,1,24,0,2,2,1,1,0,1
1,2,48,2,4,6143,1,2,4,2,0,4,4,58,2,3,2,2,1,0,1
0,1,11,2,2,1393,1,4,4,2,0,4,1,35,0,1,2,3,1,0,1
0,1,36,1,1,2299,4,2,4,1,0,4,1,39,0,1,1,1,1,0,1
0,2,6,1,4,1352,4,5,1,2,0,2,3,23,0,2,1,4,1,1,1
0,1,11,2,2,7228,1,1,1,1,0,4,3,39,0,1,2,2,1,0,1
0,1,12,1,1,2073,3,1,4,2,2,2,2,28,0,1,1,1,1,0,1
0,3,24,3,3,2333,2,4,4,1,0,2,3,29,1,1,1,2,1,0,1
0,3,27,3,4,5965,1,2,1,1,0,2,1,30,0,1,2,3,1,1,1
0,1,12,1,1,1262,1,1,3,1,0,2,1,25,0,1,1,1,1,0,1
0,1,18,1,4,3378,2,1,2,1,0,1,3,31,0,1,1,1,1,1,1
1,3,36,3,2,2225,1,2,4,1,0,4,4,57,1,3,2,1,1,1,1
0,1,6,4,2,783,2,1,1,1,1,2,2,26,2,1,1,2,2,0,1
1,3,12,1,1,6468,2,5,2,1,0,1,4,52,0,1,1,3,1,1,1
0,1,36,2,1,9566,1,1,2,2,0,2,1,31,2,1,2,1,1,0,1
0,4,18,1,2,1961,1,2,3,2,0,2,1,23,0,1,1,3,1,0,1
1,2,36,2,3,6229,1,4,4,2,2,4,4,23,0,2,2,2,1,1,1
0,3,9,1,5,1391,1,1,2,3,0,1,2,27,1,1,1,1,1,1,1
0,3,15,2,1,1537,2,2,4,1,1,4,2,50,0,1,2,1,1,1,1
1,3,36,5,5,1953,1,2,4,1,0,4,4,61,0,3,1,3,1,1,1
1,3,48,5,5,14421,1,1,2,1,0,2,1,25,0,1,1,1,1,1,1
0,1,24,1,1,3181,1,4,4,2,0,4,3,26,0,1,1,1,1,1,1
0,1,27,1,7,5190,2,2,4,1,0,4,3,48,0,1,4,1,2,1,1
0,1,12,1,1,2171,1,4,2,2,0,2,1,29,1,1,1,1,1,0,1
0,3,12,1,2,1007,5,1,4,3,0,1,2,22,0,1,1,1,1,0,1
1,1,36,1,6,1819,1,1,4,1,0,4,4,37,2,3,1,1,1,1,1
0,1,36,1,1,2394,2,1,4,2,0,4,1,25,0,1,1,1,1,0,1
0,1,36,1,4,8133,1,1,1,2,0,2,3,30,1,1,1,1,1,0,1
0,1,7,2,1,730,2,2,4,1,0,2,3,46,0,2,2,2,1,1,1
0,2,8,2,9,1164,1,2,3,1,0,4,4,51,1,3,2,3,2,1,1
0,3,42,2,5,5954,1,3,2,2,0,1,2,41,1,1,2,2,1,0,1
1,2,36,1,6,1977,2,2,4,1,0,4,4,40,0,1,1,3,1,1,1
0,2,12,2,4,1526,1,2,4,1,0,4,4,66,0,3,2,3,1,0,1
1,2,42,1,1,3965,1,4,4,1,0,3,1,34,0,1,1,1,1,0,1
0,3,11,3,1,4771,1,3,2,1,0,4,3,51,0,1,1,1,1,0,1
0,1,54,5,4,9436,2,1,2,1,0,2,3,39,0,1,1,2,2,0,1
0,3,30,1,3,3832,1,4,2,3,0,1,3,22,0,1,1,1,1,0,1
1,1,24,1,1,5943,2,4,1,2,0,1,1,44,0,1,2,1,1,1,1
0,1,15,1,1,1213,4,2,4,1,0,3,3,47,2,1,1,1,1,1,1
0,1,18,1,5,1568,3,1,3,2,0,4,3,24,0,2,1,2,1,0,1
0,2,24,1,9,1755,1,2,4,2,1,4,2,58,0,1,1,2,1,1,1
0,2,10,1,1,2315,1,2,3,1,0,4,2,52,0,1,1,2,1,0,1
0,1,12,2,5,1412,1,1,4,2,1,2,2,29,0,1,2,3,1,1,1
0,3,18,2,3,1295,1,4,4,2,0,1,3,27,0,1,2,1,1,0,1
1,3,36,1,6,12612,3,1,1,1,0,4,4,47,0,3,1,1,2,1,1
0,2,18,1,2,2249,3,3,4,1,0,3,1,30,0,1,1,3,2,1,1
1,2,12,5,7,1108,1,3,4,1,0,3,2,28,0,1,2,1,1,0,1
0,1,12,2,1,618,1,2,4,1,0,4,2,56,0,1,1,1,1,0,1
0,2,12,2,4,1409,1,2,4,1,0,3,2,54,0,1,1,1,1,0,1
1,1,12,2,1,797,2,2,4,2,0,3,3,33,1,1,1,2,2,0,1
0,4,24,2,3,3617,2,2,4,1,2,4,4,20,0,2,2,1,1,0,1
0,3,12,1,2,1318,5,2,4,1,0,4,2,54,0,1,1,1,1,1,1
1,3,54,5,5,15945,1,4,3,1,0,4,4,58,0,2,1,1,1,1,1
0,1,12,2,6,2012,2,3,4,2,0,2,1,61,0,1,1,1,1,0,1
0,3,18,1,5,2622,3,1,4,1,0,4,1,34,0,1,1,1,1,0,1
0,3,36,2,1,2337,1,2,4,1,0,4,2,36,0,1,1,1,1,0,1
0,3,20,3,4,7057,2,3,3,1,0,4,3,36,1,2,2,3,2,1,1
0,1,24,1,2,1469,3,2,4,3,0,4,2,41,0,2,1,2,1,0,1
0,3,36,1,1,2323,1,3,4,1,0,4,1,24,0,2,1,1,1,0,1
0,1,6,3,1,932,1,1,3,2,0,2,2,24,0,1,1,1,1,0,1
0,3,9,2,3,1919,1,3,4,1,0,3,1,35,0,2,1,1,1,1,1
0,1,12,1,4,2445,2,4,2,3,0,4,1,26,0,2,1,1,1,1,1
1,3,24,2,9,11938,1,1,2,1,2,3,1,39,0,1,2,3,2,1,1
1,1,18,4,2,6458,1,2,2,1,0,4,4,39,1,1,2,3,2,1,1
0,3,12,1,2,6078,1,3,2,1,0,2,1,32,0,1,1,1,1,0,1
0,2,24,1,3,7721,2,4,1,2,0,2,3,30,0,1,1,1,1,1,0
0,3,14,1,5,1410,4,2,1,3,0,2,2,35,0,1,1,1,1,1,1
0,3,6,3,5,1449,3,2,1,4,0,2,1,31,1,1,2,1,2,0,1
0,4,15,1,6,392,1,4,4,2,0,4,3,23,0,2,1,1,1,1,1
0,3,18,1,2,6260,1,3,3,1,0,3,2,28,0,2,1,2,1,0,1
1,1,36,2,2,7855,1,1,4,2,0,2,2,25,2,1,2,1,1,1,1
0,2,12,1,1,1680,4,2,3,3,0,1,2,35,0,1,1,1,1,0,1
0,1,48,2,1,3578,2,2,4,1,0,1,2,47,0,1,1,1,1,1,1
1,2,42,1,1,7174,2,3,4,2,0,3,1,30,0,1,1,3,1,1,1
0,2,10,2,3,2132,2,4,2,2,2,3,2,27,0,2,2,1,1,0,0
1,2,33,2,3,4281,4,1,1,2,0,4,1,23,0,1,2,1,1,0,1
0,3,12,2,2,2366,4,3,3,4,0,3,1,36,0,1,1,3,1,1,1
1,2,21,1,1,1835,1,1,3,2,0,2,2,25,0,1,2,1,1,1,1
0,1,24,2,4,3868,1,2,4,2,0,2,1,41,0,2,2,3,1,1,1
0,1,12,1,3,1768,1,1,3,1,0,2,2,24,0,2,1,2,1,0,1
0,4,10,2,2,781,1,2,4,1,0,4,4,63,0,3,2,1,1,1,1
1,3,18,1,3,1924,2,4,4,2,0,3,2,27,0,2,1,1,1,0,1
0,2,12,2,2,2121,1,1,4,1,0,2,3,30,0,1,2,1,1,0,1
0,2,12,1,1,701,1,1,4,3,0,2,2,40,0,1,1,2,1,0,1
1,3,12,1,7,639,1,1,4,1,0,2,1,30,0,1,1,1,1,0,1
0,3,12,2,4,1860,1,5,4,1,0,2,1,34,0,1,2,3,1,1,1
1,2,12,2,2,3499,1,1,3,2,2,2,2,29,0,1,2,1,1,0,1
0,3,48,1,2,8487,2,3,1,2,0,2,1,24,0,1,1,1,1,0,1
1,2,36,3,6,6887,1,1,4,1,0,3,3,29,2,1,1,1,1,1,1
0,1,15,1,3,2708,1,4,2,1,0,3,3,27,1,1,2,2,1,0,1
0,1,18,1,3,1984,1,1,4,1,0,4,4,47,1,3,2,1,1,0,1
0,1,60,1,1,10144,3,3,2,2,0,4,2,21,0,1,1,1,1,1,1
0,1,12,2,1,1240,2,2,4,2,0,2,2,38,0,1,2,1,1,1,1
0,1,27,3,4,8613,5,1,2,1,0,2,1,27,0,1,2,1,1,0,1
1,3,12,1,1,766,4,1,4,1,0,3,2,66,0,1,1,2,1,0,1
0,3,15,2,1,2728,2,3,4,1,1,2,2,35,1,1,3,1,1,1,1
0,4,12,1,1,1881,1,1,2,2,0,2,1,44,0,2,1,2,1,1,1
0,4,6,1,2,709,5,4,2,3,0,2,2,27,0,1,1,4,1,0,0
0,3,36,1,1,4795,1,4,4,2,0,1,4,30,0,1,1,3,1,1,1
0,2,27,1,1,3416,1,1,3,1,0,2,1,27,0,1,1,3,1,0,1
1,2,18,1,3,2462,1,1,2,1,0,2,1,22,0,1,1,1,1,0,1
0,1,21,2,3,2288,1,4,4,2,0,4,3,23,0,1,1,1,1,1,1
0,3,48,4,5,3566,3,3,4,1,0,2,1,30,0,1,1,1,1,0,1
0,2,6,2,2,860,1,2,1,2,0,4,4,39,0,1,2,1,1,1,1
0,1,12,2,2,682,3,3,4,2,0,3,1,51,0,1,2,1,1,1,1
0,2,36,2,3,5371,1,1,3,1,1,2,3,28,0,1,2,1,1,0,1
0,1,18,2,1,1582,5,2,4,1,0,4,1,46,0,1,2,1,1,0,1
0,1,6,1,1,1346,3,2,2,1,0,4,4,42,1,3,1,1,2,1,1
0,1,10,1,1,1924,1,1,1,1,0,4,3,38,0,1,1,1,1,1,0
0,4,36,1,1,5848,1,1,4,1,0,1,1,24,0,1,1,1,1,0,1
0,3,24,2,4,7758,5,2,2,2,0,4,4,29,0,2,1,1,1,0,1
0,3,24,3,5,6967,3,3,4,1,0,4,1,36,0,2,1,3,1,1,1
1,2,12,1,3,1282,1,1,2,2,0,4,1,20,0,2,1,1,1,0,1
0,2,9,2,7,1288,3,2,3,1,1,4,2,48,0,1,2,1,2,0,0
0,2,12,4,10,339,1,2,4,3,0,1,1,45,1,1,1,2,1,0,1
0,3,24,1,2,3512,3,3,2,1,0,3,1,38,1,1,2,1,1,1,1
0,1,6,2,1,1898,2,1,1,1,0,2,2,34,0,1,2,2,2,0,1
0,1,24,2,1,2872,3,2,3,1,0,4,2,36,0,1,1,1,2,1,1
0,1,18,2,2,1055,1,4,4,2,0,1,3,30,0,1,2,1,1,0,1
0,1,15,1,8,1262,4,3,4,1,0,3,3,36,0,1,2,1,1,1,1
0,3,10,1,2,7308,1,5,2,1,0,4,4,70,1,3,1,3,1,1,1
0,1,36,1,2,909,4,2,4,1,0,4,3,36,0,1,1,1,1,0,1
0,1,6,1,3,2978,4,1,1,1,0,2,1,32,0,1,1,1,1,1,1
1,2,18,1,3,1131,1,5,4,2,0,2,1,33,0,1,1,1,1,0,1
0,3,11,1,3,1577,5,4,4,2,0,1,2,20,0,1,1,1,1,0,1
0,1,24,1,3,3972,1,3,2,2,0,4,3,25,0,2,1,1,1,1,1
1,3,24,2,5,1935,1,2,4,4,0,4,2,31,0,1,2,1,1,1,1
1,2,15,5,2,950,1,2,4,1,0,3,1,33,0,2,2,1,2,0,1
0,1,12,1,3,763,1,1,4,2,0,1,2,26,0,1,1,1,1,1,1
1,3,24,3,3,2064,1,5,3,2,0,2,3,34,0,1,1,3,1,1,1
0,3,8,1,1,1414,1,1,4,1,1,2,2,33,0,1,1,1,1,0,0
1,2,21,3,6,3414,1,4,2,1,0,1,3,26,0,1,2,1,1,0,1
1,1,30,4,4,7485,2,5,4,2,0,1,2,53,1,1,1,3,1,1,1
0,2,12,1,3,2577,1,1,2,4,0,1,1,42,0,1,1,1,1,0,1
0,2,6,2,1,338,4,2,4,1,0,4,1,52,0,1,2,1,1,0,1
0,1,12,1,1,1963,1,3,4,1,0,2,1,31,0,2,2,3,2,1,1
0,2,21,2,2,571,1,2,4,1,0,4,2,65,0,1,2,1,1,0,1
1,1,36,3,5,9572,1,4,1,4,0,1,1,28,0,1,2,1,1,0,1
1,3,36,3,5,4455,1,1,2,4,0,2,2,30,2,1,2,3,1,1,1
1,2,21,4,2,1647,2,1,4,1,0,2,3,40,0,1,2,2,2,0,1
0,1,24,2,3,3777,5,1,4,1,0,4,2,50,0,1,1,1,1,1,1
1,3,18,2,2,884,1,2,4,1,0,4,1,36,1,1,1,1,2,1,1
0,1,15,2,1,1360,1,1,4,1,0,2,3,31,0,1,2,1,1,0,1
1,3,9,4,4,5129,1,2,2,2,0,4,4,74,1,3,1,3,2,1,1
0,3,16,2,2,1175,1,5,2,1,0,3,1,68,0,3,3,4,1,1,1
1,2,12,1,1,674,3,3,4,3,0,1,3,20,0,1,1,1,1,0,1
0,3,18,5,3,3244,1,1,1,2,0,4,1,33,1,1,2,1,1,1,1
1,1,24,1,5,4591,5,1,2,1,0,3,3,54,0,1,3,3,1,1,1
1,3,48,5,5,3844,3,3,4,1,0,4,4,34,0,3,1,2,2,0,1
1,3,27,1,5,3915,1,1,4,1,0,2,1,36,0,1,1,1,2,1,1
0,1,6,1,1,2108,1,3,2,3,0,2,2,29,0,2,1,1,1,0,1
1,3,45,1,1,3031,3,1,4,1,1,4,3,21,0,2,1,1,1,0,1
1,3,9,2,6,1501,1,2,2,2,0,3,1,34,0,1,2,3,1,1,1
0,1,6,2,1,1382,1,1,1,2,0,1,1,28,0,1,2,1,1,1,1
1,3,12,1,3,951,3,4,4,2,0,4,1,27,1,2,4,1,1,0,1
0,3,24,1,4,2760,2,2,4,1,0,4,4,36,1,3,1,1,1,1,1
1,3,18,3,3,4297,1,2,4,4,0,3,4,40,0,1,1,3,1,1,1
0,1,9,2,6,936,4,2,4,1,0,2,1,52,0,1,2,1,1,1,1
0,2,12,1,2,1168,1,1,4,3,0,3,2,27,0,1,1,2,1,0,1
0,1,27,3,5,5117,1,3,3,1,0,4,1,26,0,1,2,1,1,0,1
1,2,12,1,10,902,1,3,4,3,0,4,3,21,0,2,1,1,1,0,1
0,1,12,2,2,1495,1,2,4,1,0,1,2,38,0,1,2,2,2,0,1
0,2,30,2,4,10623,1,2,3,1,0,4,4,38,0,3,3,3,2,1,1
0,1,12,2,3,1935,1,2,4,1,0,4,2,43,0,1,3,1,1,1,1
0,3,12,2,8,1424,1,3,4,1,0,3,3,26,0,1,1,1,1,0,1
0,2,24,1,5,6568,1,1,2,3,0,2,1,21,2,1,1,2,1,0,1
0,1,12,1,4,1413,5,3,3,1,0,2,3,55,0,1,1,1,1,0,0
0,1,9,2,1,3074,2,1,1,1,0,2,2,33,0,1,2,1,2,0,1
0,1,36,1,1,3835,2,2,2,2,0,4,2,45,0,1,1,2,1,1,1
1,2,27,5,5,5293,1,5,2,1,0,4,3,50,2,1,2,1,1,1,1
1,4,30,3,5,1908,1,2,4,1,0,4,2,66,0,1,1,3,1,1,1
0,1,36,2,1,3342,2,2,4,1,0,2,1,51,0,1,1,1,1,1,1
0,3,6,2,10,932,2,3,1,2,0,3,3,39,0,1,2,2,1,0,1
0,2,18,5,5,3104,1,3,3,1,0,1,3,31,1,1,1,1,1,1,1
0,4,36,1,1,3913,1,1,2,1,0,2,2,23,0,1,1,1,1,1,1
0,2,24,1,3,3021,1,1,2,4,0,2,2,24,0,2,1,2,1,0,1
0,1,10,1,2,1364,1,1,2,2,0,4,1,64,0,1,1,1,1,1,1
0,3,12,1,1,625,1,4,4,3,1,1,2,26,1,1,1,2,1,0,1
0,2,12,1,6,1200,2,1,4,2,0,4,3,23,1,2,1,1,1,1,1
0,1,12,1,1,707,1,1,4,1,0,2,2,30,1,1,2,1,1,0,1
0,1,24,3,5,2978,2,1,4,1,0,4,2,32,0,1,2,1,2,1,1
0,1,15,1,4,4657,1,1,3,1,0,2,1,30,0,1,1,1,1,1,1
0,1,36,5,7,2613,1,1,4,1,0,2,1,27,0,1,2,1,1,0,1
1,3,48,1,1,10961,5,3,1,1,2,2,4,27,1,1,2,1,1,1,1
1,2,12,1,3,7865,1,2,4,1,0,4,4,53,0,3,1,3,1,1,1
1,1,9,1,1,1478,1,3,4,1,0,2,1,22,0,1,1,1,1,0,1
0,2,24,1,3,3149,1,4,4,1,0,1,4,22,1,3,1,1,1,0,1
1,4,36,1,1,4210,1,1,4,1,0,2,1,26,0,1,1,1,1,0,1
0,1,9,1,2,2507,4,2,2,1,0,4,4,51,0,3,1,2,1,0,1
0,1,12,1,1,2141,3,3,3,1,0,1,4,35,0,1,1,1,1,0,1
0,3,18,1,1,866,1,1,4,3,1,2,2,25,0,1,1,2,1,0,1
0,1,4,2,1,1544,1,3,2,1,0,1,2,42,0,1,3,2,2,0,1
1,2,24,1,1,1823,1,5,4,1,0,2,1,30,2,1,1,3,2,0,1
1,3,6,1,2,14555,2,5,1,1,0,2,3,23,0,1,1,4,1,1,1
1,3,21,1,5,2767,3,2,4,4,0,2,1,61,1,2,2,2,1,0,1
0,1,12,2,1,1291,1,1,4,2,0,2,3,35,0,1,2,1,1,0,1
0,2,30,1,1,2522,1,2,1,1,1,3,3,39,0,1,1,1,2,0,1
1,2,24,1,2,915,2,2,4,2,0,2,1,29,1,1,1,1,1,0,1
0,1,6,1,1,1595,1,3,3,1,0,2,3,51,0,1,1,1,2,0,1
1,2,48,5,4,4605,1,2,3,1,0,4,4,24,0,3,2,1,2,0,1
0,1,12,2,5,1185,1,1,3,2,0,2,2,27,0,1,2,1,1,0,1
0,1,12,4,10,3447,4,1,4,2,0,3,2,35,0,1,1,2,2,0,1
0,1,24,1,5,1258,1,3,4,1,0,1,2,25,0,1,1,1,1,1,1
0,1,12,2,1,717,1,2,4,1,0,4,2,52,0,1,3,1,1,0,1
0,1,6,5,2,1204,3,1,4,1,0,1,4,35,1,2,1,1,1,0,0
0,4,24,1,3,1925,1,1,2,1,0,2,2,26,0,1,1,1,1,0,1
1,1,18,1,1,433,1,5,3,2,2,4,2,22,0,2,1,1,1,0,1
0,2,6,2,2,666,5,3,3,2,0,4,2,39,0,1,2,2,1,1,1
0,4,12,1,3,2251,1,1,1,2,0,2,1,46,0,1,1,2,1,0,1
1,3,30,1,2,2150,1,1,4,2,1,2,4,24,1,1,1,1,1,0,1
0,1,24,3,3,4151,3,1,2,1,0,3,3,35,0,1,2,1,1,0,1
0,3,9,1,3,2030,2,3,2,1,0,1,1,24,0,1,1,1,1,1,1
0,3,60,3,1,7418,2,1,1,1,0,1,2,27,0,1,1,2,1,0,1
0,1,24,2,1,2684,1,1,4,1,0,2,2,35,0,1,2,2,1,0,1
1,2,12,4,1,2149,1,1,4,4,0,1,4,29,0,3,1,1,1,0,1
0,1,15,1,4,3812,3,4,1,2,0,4,1,23,0,1,1,1,1,1,1
0,1,11,2,1,1154,3,5,4,2,0,4,2,57,0,1,3,2,1,0,1
0,2,12,1,3,1657,1,1,2,1,0,2,2,27,0,1,1,1,1,0,1
0,2,24,1,1,1603,1,2,4,2,0,4,1,55,0,1,1,1,1,0,1
0,2,18,2,2,5302,1,2,2,1,0,4,4,36,0,3,3,3,1,1,1
0,1,12,2,6,2748,1,2,2,2,0,4,4,57,1,3,3,2,1,0,1
0,1,10,2,2,1231,1,2,3,1,0,4,2,32,0,1,2,2,2,0,0
1,3,15,1,1,802,1,2,4,1,0,3,1,37,0,1,1,1,2,0,1
0,1,36,2,5,6304,2,2,4,1,0,4,2,36,0,1,2,1,1,0,1
0,1,24,1,1,1533,1,4,4,2,0,3,1,38,2,1,1,1,1,1,1
1,2,14,1,2,8978,1,2,1,4,0,4,3,45,0,1,1,3,1,1,0
0,1,24,1,1,999,2,2,4,1,0,2,1,25,0,1,2,1,1,0,1
0,1,18,1,2,2662,2,3,4,1,0,3,3,32,0,1,1,1,1,0,0
0,1,12,2,3,1402,4,3,3,2,0,4,1,37,0,2,1,1,1,1,1
0,3,48,4,2,12169,2,5,4,1,2,4,4,36,0,3,1,3,1,1,1
1,3,48,1,1,3060,1,3,4,1,0,4,2,28,0,1,2,1,1,0,1
1,2,30,1,7,11998,1,4,1,4,0,1,4,34,0,1,1,2,1,1,1
0,1,9,1,1,2697,1,1,1,1,0,2,2,32,0,1,1,1,2,0,1
0,1,18,2,1,2404,1,1,2,2,0,2,1,26,0,1,2,1,1,0,1
0,2,12,1,3,1262,2,2,2,4,0,4,3,49,0,1,1,2,1,1,1
1,1,6,1,3,4611,1,4,1,2,0,4,3,32,0,1,1,1,1,0,1
0,1,24,1,1,1901,3,1,4,1,0,4,1,29,0,2,1,3,1,1,1
0,1,15,2,4,3368,5,2,3,1,0,4,4,23,0,2,2,1,1,1,1
0,1,12,1,3,1574,1,1,4,1,0,2,2,50,0,1,1,1,1,0,1
0,4,18,4,1,1445,2,3,4,1,0,4,1,49,1,1,1,2,1,0,1
0,1,15,2,3,1520,2,2,4,1,0,4,3,63,0,1,1,1,1,0,1
0,3,24,2,2,3878,3,4,4,4,0,2,1,37,0,1,1,1,1,1,1
0,2,47,1,2,10722,1,4,1,2,0,1,2,35,0,1,1,2,1,1,1
0,2,48,1,4,4788,1,3,4,1,0,3,3,26,0,1,1,1,2,0,1
0,3,48,3,9,7582,3,5,2,1,0,4,4,31,0,3,1,3,1,1,1
0,3,12,1,1,1092,1,1,4,2,1,4,2,49,0,1,2,1,1,1,1
1,2,24,3,1,1024,1,4,4,3,0,4,2,48,2,1,1,1,1,0,1
0,1,12,1,5,1076,1,1,2,3,0,2,2,26,0,1,1,1,1,1,0
1,3,36,1,4,9398,1,4,1,3,0,4,1,28,0,2,1,3,1,1,1
0,2,24,2,4,6419,1,2,2,2,0,4,4,44,0,3,2,3,2,1,1
0,4,42,2,4,4796,1,2,4,1,0,4,4,56,0,3,1,1,1,0,1
0,1,48,2,5,7629,2,2,4,4,0,2,1,46,1,1,2,3,2,0,1
1,3,48,1,3,9960,1,4,1,2,0,2,1,26,0,1,1,1,1,1,1
0,1,12,1,4,4675,2,4,1,2,0,4,1,20,0,2,1,1,1,0,1
0,1,10,1,2,1287,2,2,4,1,2,2,3,45,0,1,1,2,1,0,0
0,1,18,1,3,2515,1,1,3,1,0,4,2,43,0,1,1,1,1,1,1
0,3,21,2,3,2745,5,3,3,1,0,2,1,32,0,1,2,1,1,1,1
0,1,6,1,2,672,1,5,1,2,0,4,2,54,0,1,1,4,1,1,1
1,3,36,5,1,3804,1,1,4,2,0,1,1,42,0,1,1,1,1,1,1
1,4,24,2,2,1344,2,3,4,1,0,2,2,37,1,1,2,2,2,0,1
0,2,10,2,2,1038,1,3,4,1,2,3,3,49,0,1,2,1,1,1,1
1,1,48,2,2,10127,4,1,2,1,0,2,4,44,1,3,1,1,1,0,1
0,1,6,1,3,1543,5,1,4,4,0,2,2,33,0,1,1,1,1,0,1
0,1,30,1,4,4811,2,3,2,2,0,4,3,24,2,2,1,2,1,0,1
1,2,12,1,1,727,3,4,4,3,0,3,4,33,0,1,1,2,1,1,1
1,3,8,1,3,1237,1,1,3,2,0,4,2,24,0,1,1,1,1,0,1
0,3,9,1,2,276,1,1,4,3,0,4,2,22,0,2,1,2,1,0,1
0,3,48,1,9,5381,2,5,3,1,0,4,4,40,1,3,1,4,1,1,1
0,1,24,1,3,5511,3,1,4,1,0,1,1,25,2,1,1,1,1,0,1
0,4,24,1,3,3749,1,4,2,2,0,4,1,26,0,1,1,1,1,0,1
1,3,12,1,2,685,1,3,2,3,0,3,1,25,1,1,1,2,1,0,1
0,4,4,1,2,1494,2,4,1,1,0,2,2,29,0,1,1,2,2,0,0
1,2,36,4,3,2746,1,2,4,1,0,4,1,31,1,1,1,1,1,0,1
0,2,12,1,3,708,1,1,2,1,1,3,3,38,0,1,1,2,2,0,1
0,3,24,1,3,4351,2,1,1,2,0,4,3,48,0,1,1,2,1,1,1
0,1,12,2,6,701,1,1,4,1,0,2,1,32,0,1,2,1,1,0,1
0,2,15,3,3,3643,1,2,1,2,0,4,3,27,0,1,2,2,1,0,1
1,3,30,2,2,4249,1,5,4,3,0,2,1,28,0,1,2,3,1,0,1
1,2,24,1,1,1938,1,4,4,4,0,3,3,32,0,1,1,1,1,0,1
0,2,24,1,4,2910,1,3,2,1,0,1,4,34,0,3,1,3,1,1,1
0,2,18,1,3,2659,5,1,4,1,0,2,1,28,0,1,1,1,1,0,1
0,1,18,2,2,1028,1,1,4,2,0,3,2,36,0,1,2,1,1,0,1
0,2,8,2,2,3398,1,3,1,1,0,4,2,39,0,1,2,2,1,0,0
0,1,12,2,3,5801,2,2,2,1,0,4,3,49,0,2,1,1,1,1,1
0,1,24,1,2,1525,5,3,4,2,0,3,1,34,0,1,1,1,2,1,1
0,4,36,1,1,4473,1,2,4,1,0,2,1,31,0,1,1,1,1,0,1
0,3,6,1,1,1068,1,2,4,1,0,4,1,28,0,1,1,1,2,0,1
0,2,24,2,4,6615,1,5,2,1,0,4,4,75,0,3,2,3,1,1,1
1,1,18,2,6,1864,3,1,4,2,0,2,2,30,0,1,2,1,1,0,1
1,3,60,1,2,7408,3,4,4,2,0,2,3,24,0,1,1,3,1,0,1
1,1,48,2,4,11590,3,1,2,2,0,4,1,24,1,2,2,2,1,0,1
1,2,24,5,3,4110,1,2,3,1,0,4,4,23,1,2,2,1,2,0,1
1,2,6,2,3,3384,1,1,1,4,0,4,2,44,0,2,1,3,1,1,1
0,3,13,1,1,2101,1,4,2,2,1,4,3,23,0,1,1,2,1,0,1
1,2,15,1,8,1275,2,1,4,2,0,2,1,24,0,2,1,1,1,0,1
0,2,24,1,3,4169,1,1,4,1,0,4,3,28,0,1,1,1,1,0,1
0,3,10,1,3,1521,1,1,4,4,0,2,1,31,0,1,1,2,1,0,1
0,3,24,2,6,5743,1,4,2,2,0,4,4,24,0,3,2,1,1,1,1
0,2,21,1,3,3599,1,3,1,2,0,4,1,26,0,2,1,2,1,0,1
0,3,18,1,1,3213,4,4,1,3,0,3,2,25,0,2,1,1,1,0,1
0,3,18,1,5,4439,1,2,1,1,2,1,2,33,1,1,1,3,1,1,1
0,4,10,1,2,3949,1,4,1,1,1,1,3,37,0,1,1,2,2,0,1
0,1,15,2,1,1459,1,1,4,2,0,2,1,43,0,1,1,2,1,0,1
0,3,13,2,1,882,1,4,4,1,1,4,2,23,0,1,2,1,1,0,1
0,3,24,1,1,3758,4,5,1,2,0,4,4,23,0,2,1,4,1,0,1
0,1,6,3,5,1743,3,1,1,1,0,2,2,34,0,1,2,2,1,0,1
1,3,9,2,6,1136,5,2,4,1,0,3,4,32,0,3,2,1,2,0,1
0,1,9,1,8,1236,1,4,1,2,0,4,2,23,0,2,1,1,1,1,1
1,3,9,1,3,959,1,1,1,2,0,2,1,29,0,1,1,1,1,0,0
0,1,18,2,4,3229,2,5,2,1,0,4,4,38,0,1,1,3,1,1,1
1,2,12,5,1,6199,1,1,4,1,0,2,3,28,0,2,2,1,1,1,1
0,1,10,1,6,727,4,2,4,1,0,4,4,46,0,3,1,1,1,1,1
1,3,24,1,2,1246,1,4,4,1,0,2,2,23,2,1,1,2,1,0,1
0,1,12,2,1,2331,2,2,1,1,2,4,2,49,0,1,1,1,1,1,1
1,1,36,3,1,4463,1,1,4,1,0,2,1,26,0,1,2,3,1,1,1
0,1,12,1,1,776,1,1,4,3,0,2,2,28,0,1,1,1,1,0,1
1,2,30,1,3,2406,1,3,4,2,0,4,2,23,0,2,1,1,1,0,1
0,3,18,1,6,1239,2,1,4,1,0,4,4,61,0,3,1,1,1,0,1
0,4,12,1,1,3399,2,2,2,1,0,3,1,37,0,1,1,3,1,0,1
0,4,12,3,2,2247,1,1,2,2,0,2,1,36,2,1,2,1,1,1,1
0,1,6,1,3,1766,1,1,1,3,0,2,3,21,0,2,1,1,1,0,1
1,2,18,1,3,2473,1,5,4,1,0,1,1,25,0,1,1,4,1,0,1
0,1,12,1,5,1542,1,3,2,1,0,4,1,36,0,1,1,1,1,1,1
0,1,18,2,4,3850,1,3,3,1,0,1,1,27,0,1,2,1,1,0,1
0,2,18,1,3,3650,1,4,1,2,0,4,1,22,0,2,1,1,1,0,1
1,2,36,1,3,3446,1,2,4,1,0,2,1,42,0,1,1,1,2,0,1
0,3,18,1,3,3001,1,3,2,2,0,4,2,40,0,2,1,1,1,0,1
0,1,36,1,2,3079,2,1,4,1,0,4,2,36,0,1,1,1,1,0,1
0,1,18,2,1,6070,1,2,3,1,0,4,1,33,0,1,2,1,1,1,1
0,1,10,2,3,2146,1,4,1,2,0,3,2,23,0,2,2,1,1,0,1
0,1,60,2,2,13756,2,2,2,1,0,4,4,63,1,3,1,3,1,1,1
1,3,60,4,9,14782,3,2,3,2,0,4,4,60,1,3,2,3,1,1,1
1,2,48,4,5,7685,1,3,2,2,1,4,1,37,0,2,1,1,1,0,1
0,1,18,3,1,2320,1,5,2,3,0,3,2,34,0,1,2,1,1,0,1
0,1,7,3,1,846,2,2,3,1,0,4,4,36,0,3,1,1,1,0,1
1,3,36,1,2,14318,1,2,4,1,0,2,4,57,0,3,1,3,1,1,1
0,1,6,2,2,362,3,1,4,2,0,4,1,52,0,1,2,2,1,0,1
0,2,20,1,3,2212,2,3,4,1,0,4,1,39,0,1,1,1,1,1,1
1,3,18,1,4,12976,1,5,3,2,0,4,4,38,0,3,1,3,1,1,1
0,1,22,1,2,1283,2,3,4,2,0,4,3,25,0,2,1,1,1,0,1
0,4,12,1,2,1330,1,4,4,1,0,1,2,26,0,1,1,1,1,0,1
0,1,30,3,5,4272,3,1,2,1,0,2,3,26,0,1,2,2,1,0,1
0,1,18,2,1,2238,1,1,2,2,0,1,1,25,0,1,2,1,1,0,1
0,1,18,1,1,1126,2,4,4,2,0,2,2,21,0,2,1,1,1,1,1
0,3,18,2,3,7374,1,5,4,1,0,4,3,40,2,1,2,3,1,1,1
0,3,15,2,5,2326,4,1,2,1,0,4,1,27,1,1,1,1,1,0,1
0,1,9,1,5,1449,1,3,3,2,0,2,1,27,0,1,2,1,1,0,1
0,1,18,1,2,1820,1,1,2,3,0,2,3,30,0,1,1,3,1,1,1
0,3,12,1,3,983,5,4,1,2,0,4,2,19,0,2,1,2,1,0,1
0,2,36,1,2,3249,1,3,2,1,0,4,4,39,1,3,1,3,2,1,1
0,2,6,2,1,1957,1,3,1,2,0,4,1,31,0,1,1,1,1,0,1
0,1,9,2,3,2406,1,5,2,1,0,3,1,31,0,1,1,3,1,0,1
0,3,39,3,6,11760,3,3,2,1,0,3,4,32,0,2,1,1,1,1,1
0,2,12,1,3,2578,1,5,3,2,0,4,4,55,0,3,1,3,1,0,1
0,2,36,2,3,2348,1,1,3,3,0,2,3,46,0,1,2,1,1,1,1
1,3,12,1,2,1223,1,2,1,4,0,1,2,46,0,2,2,1,1,0,1
0,1,24,2,1,1516,5,1,4,2,0,1,2,43,0,1,2,2,1,0,1
0,1,18,1,1,1473,1,4,3,3,0,4,2,39,0,1,1,1,1,1,1
0,3,18,2,5,1887,2,1,4,3,0,4,2,28,1,1,2,1,1,0,1
1,1,24,3,5,8648,1,4,2,1,0,2,1,27,1,1,2,1,1,1,1
0,1,14,3,2,802,1,1,4,1,0,2,1,27,0,1,2,2,1,0,1
0,3,18,3,2,2899,2,2,4,1,0,4,1,43,0,1,1,1,2,0,1
1,3,24,1,1,2039,1,4,1,3,0,1,3,22,0,1,1,1,1,1,1
0,1,24,2,4,2197,2,3,4,1,0,4,1,43,0,1,2,1,2,1,1
0,2,15,1,1,1053,1,4,4,3,0,2,2,27,0,1,1,1,1,0,0
0,1,24,1,1,3235,4,2,3,4,0,2,1,26,0,1,1,3,1,1,1
1,4,12,2,2,939,4,3,4,3,0,2,2,28,0,1,3,1,1,1,1
0,3,24,1,1,1967,1,2,4,2,0,4,1,20,0,1,1,1,1,1,1
0,1,33,2,4,7253,1,3,3,1,0,2,1,35,0,1,2,3,1,1,1
1,1,12,2,5,2292,1,5,4,1,0,2,1,42,2,1,2,3,1,1,1
0,1,10,1,2,1597,4,1,3,1,0,2,4,40,0,2,1,2,2,0,0
1,2,24,1,2,1381,2,1,4,2,0,2,3,35,0,1,1,1,1,0,1
0,1,36,2,4,5842,1,2,2,1,0,2,3,35,0,1,2,1,2,1,1
1,2,12,1,2,2579,1,4,4,1,0,1,2,33,0,1,1,2,2,0,1
0,2,18,3,6,8471,2,1,1,2,0,2,1,23,0,2,2,1,1,1,1
0,1,21,1,2,2782,4,3,1,2,0,2,1,31,1,1,1,3,1,0,1
1,3,18,1,2,1042,2,1,4,2,0,2,3,33,0,1,1,1,1,0,1
0,1,15,1,2,3186,5,3,2,2,0,3,1,20,0,2,1,1,1,0,1
0,3,12,1,4,2028,2,1,4,1,0,2,1,30,0,1,1,1,1,0,1
0,3,12,2,2,958,1,3,2,1,0,3,2,47,0,1,2,2,2,0,1
0,1,21,3,3,1591,3,3,4,1,0,3,2,34,0,1,2,3,1,0,1
1,3,12,1,3,2762,2,2,1,2,0,2,3,25,1,1,1,1,1,1,1
0,3,18,1,4,2779,1,1,1,3,0,3,1,21,0,2,1,1,1,1,1
0,1,28,2,1,2743,1,2,4,1,0,2,1,29,0,1,2,1,1,0,1
0,1,18,2,1,1149,5,1,4,1,0,3,2,46,0,1,2,1,1,0,1
0,1,9,1,3,1313,1,2,1,1,0,4,1,20,0,1,1,1,1,0,1
1,2,18,2,7,1190,1,5,2,2,0,4,4,55,0,3,3,4,2,0,1
0,1,5,1,5,3448,1,3,1,1,0,4,2,74,0,1,1,2,1,0,1
1,3,24,1,9,11328,1,1,2,1,2,3,1,29,1,1,2,3,1,1,1
0,2,6,2,3,1872,1,5,4,1,0,4,4,36,0,3,3,3,1,1,1
0,1,24,2,7,2058,1,1,4,4,0,2,2,33,0,1,2,1,1,1,1
0,2,9,1,3,2136,1,1,3,1,0,2,2,25,0,1,1,1,1,0,1
1,3,12,1,1,1484,2,1,2,3,0,1,2,25,0,1,1,1,1,1,1
0,1,6,1,7,660,4,3,2,3,0,4,2,23,0,2,1,2,1,0,1
0,1,24,2,2,1287,5,2,4,2,0,4,2,37,0,1,2,1,1,1,1
0,2,42,2,7,3394,1,5,4,1,2,4,1,65,0,1,2,4,1,0,1
1,4,12,4,5,609,1,4,4,2,0,1,2,26,0,1,1,4,1,0,1
0,1,12,1,2,1884,1,2,4,1,0,4,1,39,0,1,1,3,1,1,1
0,2,12,1,3,1620,1,1,2,2,2,3,3,30,0,1,1,1,1,0,1
0,3,20,3,9,2629,1,1,2,1,0,3,1,29,1,1,2,1,1,1,1
1,1,12,1,6,719,1,2,4,1,0,4,1,41,1,1,1,2,2,0,1
1,3,48,2,3,5096,1,1,2,2,0,3,1,30,0,1,1,3,1,1,1
0,1,9,2,6,1244,2,2,4,2,0,4,3,41,0,2,2,2,1,0,1
1,2,36,1,2,1842,1,4,4,2,0,4,1,34,0,1,1,1,1,1,1
0,3,7,1,1,2576,1,1,2,1,1,2,2,35,0,1,1,1,1,0,1
0,4,12,1,3,1424,2,2,3,2,0,4,2,55,0,1,1,3,1,1,1
1,3,15,3,7,1512,5,1,3,3,0,3,3,61,2,1,2,1,1,0,1
0,1,36,2,4,11054,2,1,4,1,0,2,1,30,0,1,1,3,1,1,1
0,1,6,1,1,518,1,1,3,2,0,1,2,29,0,1,1,1,1,0,1
0,1,12,5,3,2759,1,2,2,1,0,4,3,34,0,1,2,1,1,0,1
0,1,24,1,4,2670,1,2,4,1,0,4,1,35,0,1,1,3,1,1,1
1,2,24,1,2,4817,1,3,2,1,2,3,3,31,0,1,1,1,1,1,1
0,1,24,1,4,2679,1,4,4,2,0,1,4,29,0,1,1,3,1,1,1
0,2,11,2,2,3905,1,1,2,1,0,2,2,36,0,2,2,1,2,0,1
1,2,12,1,4,3386,1,2,3,1,0,4,4,35,0,3,1,1,1,1,1
0,2,6,1,8,343,1,4,4,2,0,1,2,27,0,1,1,1,1,0,1
0,1,18,1,1,4594,1,4,3,1,0,2,1,32,0,1,1,1,1,1,1
0,2,36,1,3,3620,1,1,1,1,1,2,3,37,0,1,1,1,2,0,1
0,2,15,1,2,1721,1,4,2,1,0,3,2,36,0,1,1,1,1,0,1
0,3,12,1,3,3017,1,4,3,2,0,1,2,34,0,2,1,3,1,0,1
0,3,12,1,10,754,2,2,4,1,0,4,3,38,0,1,2,1,1,0,1
0,1,18,1,5,1950,1,3,4,1,0,1,1,34,2,1,2,1,1,1,1
0,2,24,1,4,2924,1,1,3,1,1,4,4,63,1,1,1,1,2,1,1
1,2,24,3,1,1659,1,4,4,2,0,2,1,29,0,2,1,2,1,1,1
0,1,48,3,1,7238,2,2,3,1,0,3,1,32,1,1,2,1,2,0,1
0,1,33,3,5,2764,1,1,2,2,0,2,1,26,0,1,2,1,1,1,1
0,1,24,3,4,4679,1,3,3,1,0,3,1,35,0,1,2,2,1,1,1
1,3,24,1,1,3092,3,4,3,3,0,2,1,22,0,2,1,1,1,1,1
1,2,6,1,6,448,1,4,4,2,0,4,3,23,0,1,1,1,1,0,1
1,2,9,1,2,654,1,1,4,1,0,3,1,28,0,1,1,2,1,0,1
0,1,6,1,10,1238,2,5,4,1,0,4,3,36,0,1,1,3,2,1,1
1,3,18,2,1,1245,1,1,4,3,0,2,1,33,0,1,1,1,1,0,1
1,2,18,5,3,3114,1,4,1,2,0,4,3,26,0,2,1,1,1,0,1
0,1,39,1,4,2569,4,1,4,1,0,4,1,24,0,1,1,1,1,0,1
0,4,24,1,1,5152,1,3,4,1,0,2,1,25,1,1,1,1,1,0,1
0,3,12,1,5,1037,3,3,3,1,0,4,2,39,0,1,1,2,1,0,1
0,2,15,2,3,1478,1,2,4,1,0,4,1,44,0,1,2,1,2,1,1
0,3,12,2,1,3573,1,1,1,2,0,1,2,23,0,1,1,2,1,0,1
0,3,24,1,2,1201,1,4,4,1,0,1,3,26,0,1,1,1,1,0,1
0,2,30,1,3,3622,5,2,4,2,0,4,3,57,0,2,2,1,1,1,1
0,1,15,3,3,960,5,3,3,2,0,2,3,30,0,1,2,1,1,0,1
0,1,12,2,2,1163,4,1,4,1,0,4,2,44,0,1,1,1,1,1,1
1,3,6,3,2,1209,1,5,4,1,0,4,3,47,0,1,1,3,1,1,1
0,1,12,1,1,3077,1,1,2,1,0,4,1,52,0,1,1,1,1,1,1
0,1,24,1,2,3757,1,2,4,2,2,4,4,62,0,3,1,1,1,1,1
0,1,10,1,2,1418,3,1,3,1,0,2,2,35,0,2,1,2,1,0,0
0,1,6,1,2,3518,1,1,2,1,1,3,3,26,0,2,1,1,1,0,1
0,1,12,2,1,1934,1,2,2,1,0,2,4,26,0,1,2,1,1,0,1
1,3,27,5,5,8318,1,2,2,2,0,4,4,42,0,3,2,3,1,1,1
0,1,6,2,1,1237,3,1,1,2,0,1,3,27,0,1,2,1,1,0,1
0,3,6,1,1,368,2,2,4,1,0,4,3,38,0,1,1,1,1,0,1
0,2,12,2,2,2122,1,1,3,1,0,2,2,39,0,2,2,2,2,0,0
1,2,24,1,3,2996,2,1,2,3,0,4,1,20,0,1,1,1,1,0,1
1,3,36,1,3,9034,3,4,4,1,2,1,4,29,0,2,1,3,1,1,1
0,1,24,2,3,1585,1,3,4,1,0,3,3,40,0,1,2,1,1,0,1
0,3,18,1,1,1301,1,2,4,3,1,2,2,32,0,1,1,2,1,0,1
0,4,6,2,2,1323,3,2,2,4,0,4,1,28,0,1,2,1,2,1,1
1,2,24,1,2,3123,1,4,4,2,0,1,3,27,0,1,1,1,1,0,1
0,2,36,1,4,5493,1,2,2,1,0,4,4,42,0,3,1,1,2,0,1
0,4,9,1,1,1126,3,2,2,4,0,4,2,49,0,1,1,1,1,0,1
1,3,24,2,1,1216,3,4,4,1,0,4,4,38,1,1,2,1,2,0,1
1,2,24,1,2,1207,1,4,4,2,0,4,3,24,0,2,1,1,1,0,1
1,1,10,1,2,1309,2,1,4,1,1,4,3,27,0,1,1,2,1,0,1
0,4,15,2,4,2360,4,1,2,1,0,2,1,36,0,1,1,1,1,1,1
1,3,15,4,2,6850,3,5,1,1,0,2,3,34,0,1,1,3,2,1,1
0,1,24,1,1,1413,1,1,4,3,0,2,3,28,0,1,1,1,1,0,1
0,1,39,1,4,8588,3,2,4,1,0,2,1,45,0,1,1,3,1,1,1
1,2,12,1,2,759,1,3,4,1,0,2,2,26,0,1,1,1,1,0,1
0,1,36,1,4,4686,1,1,2,1,0,2,4,32,0,3,1,3,1,1,1
0,4,15,1,5,2687,1,3,2,1,0,4,3,26,0,2,1,1,1,1,1
0,3,12,3,1,585,1,1,4,3,2,4,2,20,0,2,2,1,1,0,1
0,1,24,1,2,2255,2,4,4,1,0,1,3,54,0,1,1,1,1,0,1
0,2,6,2,2,609,1,3,4,2,0,3,3,37,0,1,2,1,1,0,0
0,2,6,2,2,1361,1,4,2,1,0,4,2,40,0,1,1,2,2,0,0
1,1,36,2,3,7127,1,4,2,2,0,4,3,23,0,2,2,1,1,1,1
0,2,6,1,2,1203,3,2,3,1,0,2,3,43,0,1,1,1,1,1,1
0,1,6,2,1,700,2,2,4,1,0,4,4,36,0,3,2,1,1,0,1
0,1,24,2,7,5507,1,2,3,1,0,4,4,44,0,3,2,1,1,0,1
1,2,18,1,1,3190,1,1,2,2,0,2,2,24,0,1,1,1,1,0,1
1,2,48,5,3,7119,1,1,3,1,0,4,4,53,0,3,2,1,2,0,1
0,1,24,1,4,3488,3,3,3,2,0,4,1,23,0,1,1,1,1,0,1
0,3,18,1,1,1113,1,1,4,2,1,4,2,26,0,1,1,2,2,0,1
0,3,26,1,4,7966,1,4,2,1,0,3,1,30,0,1,2,1,1,0,1
0,1,15,2,6,1532,3,1,4,2,0,3,1,31,0,1,1,1,1,0,1
0,1,4,2,1,1503,1,3,2,1,0,1,2,42,0,1,2,2,2,0,1
1,2,36,1,1,2302,1,1,4,4,0,4,1,31,0,2,1,1,1,0,1
0,2,6,1,2,662,1,4,3,1,0,4,2,41,0,1,1,2,2,1,1
0,3,36,1,6,2273,1,3,3,1,0,1,1,32,0,1,2,1,2,0,1
1,3,15,1,2,2631,3,1,2,2,0,4,1,28,0,2,2,1,1,1,1
0,1,12,3,4,1503,1,1,4,3,0,4,2,41,0,2,1,1,1,0,1
0,1,24,1,1,1311,3,3,4,3,0,3,3,26,0,1,1,1,1,1,1
0,1,24,1,1,3105,2,4,4,1,0,2,1,25,0,1,2,1,1,0,1
1,4,21,2,6,2319,1,4,2,4,0,1,1,33,0,2,1,1,1,0,1
0,2,6,1,2,1374,2,5,4,2,0,3,3,75,0,1,1,3,1,1,1
0,3,18,2,3,3612,1,2,3,2,0,4,3,37,0,1,1,1,1,1,1
1,2,48,1,2,7763,1,2,4,1,0,4,4,42,1,3,1,3,1,0,1
0,4,18,1,3,3049,1,4,1,2,0,1,3,45,2,1,1,2,1,0,1
1,3,12,1,1,1534,1,4,1,3,0,1,2,23,0,2,1,1,1,0,1
0,1,24,3,2,2032,1,2,4,1,0,4,4,60,0,3,2,1,1,1,1
1,2,30,1,3,6350,2,2,4,1,0,4,3,31,0,1,1,1,1,0,1
1,4,18,1,3,2864,1,1,2,1,0,1,2,34,0,1,1,2,2,0,1
0,1,12,2,2,1255,1,2,4,1,0,4,2,61,0,1,2,2,1,0,1
1,2,24,3,2,1333,1,5,4,1,0,2,2,43,0,3,2,1,2,0,1
0,1,24,2,2,2022,1,1,4,2,0,4,1,37,0,1,1,1,1,1,1
0,1,24,1,1,1552,1,3,3,1,0,1,1,32,1,1,1,1,2,0,1
1,2,12,4,1,626,1,1,4,2,0,4,2,24,1,1,1,2,1,0,1
0,1,48,2,4,8858,2,3,2,1,0,1,4,35,0,3,2,1,1,1,1
0,1,12,2,7,996,2,3,4,2,0,4,2,23,0,1,2,1,1,0,1
0,1,6,4,1,1750,4,2,2,1,0,4,3,45,1,1,1,2,2,0,1
1,2,48,1,1,6999,1,3,1,3,1,1,2,34,0,1,2,1,1,1,1
0,3,12,2,2,1995,3,4,4,1,0,1,1,27,0,1,1,1,1,0,1
0,3,9,1,6,1199,1,3,4,2,0,4,3,67,0,1,2,3,1,1,1
1,3,12,1,1,1331,1,4,2,1,0,1,1,22,2,1,1,1,1,0,1
1,3,18,5,2,2278,3,4,3,2,0,3,1,28,0,1,2,1,1,0,1
1,1,21,5,2,5003,2,1,1,2,0,4,3,29,1,1,2,1,1,1,1
1,2,24,4,3,3552,1,3,3,1,0,4,1,27,1,1,1,1,1,0,1
1,3,18,2,3,1928,1,4,2,1,0,2,2,31,0,1,2,2,1,0,1
0,2,24,1,4,2964,2,2,4,1,0,4,4,49,1,3,1,1,2,1,1
1,2,24,4,1,1546,1,3,4,1,1,4,1,24,1,2,1,2,1,0,1
0,4,6,3,1,683,1,4,2,2,0,1,3,29,1,1,1,1,1,0,1
1,3,36,1,2,12389,2,1,1,1,0,4,4,37,0,3,1,1,1,1,1
0,3,24,3,5,4712,2,1,4,1,0,2,3,37,1,1,2,3,1,1,1
0,3,24,3,1,1553,3,3,3,2,0,2,3,23,0,2,2,1,1,1,1
1,2,12,1,2,1372,1,3,2,4,0,3,1,36,0,1,1,1,1,0,1
0,1,24,2,1,2578,5,2,2,1,0,2,1,34,0,1,1,1,1,0,1
0,3,48,1,1,3979,2,3,4,1,0,1,1,41,0,1,2,1,2,1,1
1,2,48,1,1,6758,1,1,3,2,0,2,1,31,0,1,1,1,1,1,1
1,2,24,1,3,3234,1,4,4,2,0,4,2,23,0,2,1,2,1,1,1
0,1,30,2,1,5954,1,3,3,1,2,2,1,38,0,1,1,1,1,0,1
0,1,24,1,4,5433,2,5,2,2,0,4,3,26,0,2,1,3,1,1,1
0,2,15,1,5,806,1,1,4,2,0,4,3,22,0,1,1,2,1,0,1
0,3,9,1,1,1082,1,2,4,1,0,4,1,27,0,1,2,2,1,0,1
0,1,15,2,3,2788,1,3,2,2,2,3,1,24,1,1,2,1,1,0,1
0,3,12,1,1,2930,1,3,2,2,0,1,2,27,0,1,1,1,1,0,1
0,1,24,2,6,1927,2,1,3,2,0,2,1,33,0,1,2,1,1,1,1
1,3,36,2,2,2820,1,4,4,4,0,4,1,27,0,1,2,1,1,0,1
0,1,24,1,10,937,1,4,4,3,0,3,1,27,0,1,2,2,1,0,1
1,3,18,2,2,1056,1,2,3,1,1,3,2,30,1,1,2,1,1,0,1
0,3,12,2,2,3124,1,4,1,1,0,3,2,49,1,1,2,2,2,0,1
0,1,9,1,3,1388,1,1,4,2,0,2,2,26,0,2,1,1,1,0,1
1,3,36,1,7,2384,1,4,4,1,0,1,4,33,0,2,1,2,1,0,1
0,1,12,1,2,2133,2,2,4,2,0,4,4,52,0,3,1,3,1,1,1
1,2,18,1,3,2039,1,1,1,2,0,4,2,20,1,2,1,1,1,0,1
0,2,9,2,2,2799,1,1,2,1,0,2,2,36,0,2,2,1,2,0,1
0,2,12,1,3,1289,1,1,4,1,1,1,3,21,0,1,1,2,1,0,1
1,2,18,1,8,1217,1,1,4,3,0,3,2,47,0,1,1,2,1,1,1
1,2,12,2,3,2246,1,2,3,1,0,3,3,60,0,1,2,1,1,0,1
0,2,12,2,1,385,1,3,4,2,0,3,2,58,0,1,4,2,1,1,1
0,3,24,3,2,1965,2,1,4,2,0,4,1,42,0,2,2,1,1,1,1
0,1,21,1,5,1572,5,2,4,2,0,4,2,36,1,1,1,2,1,0,1
1,3,24,1,2,2718,1,1,3,2,0,4,3,20,0,2,1,2,1,1,1
1,2,24,4,9,1358,2,2,4,1,0,3,1,40,2,1,1,3,1,1,1
1,3,6,4,2,931,3,4,1,2,0,1,3,32,2,1,1,2,1,0,1
1,2,24,1,2,1442,1,3,4,2,0,4,1,23,0,2,2,1,1,0,1
1,3,24,5,5,4241,1,1,1,1,0,4,2,36,0,1,3,2,1,1,1
1,1,18,2,2,2775,1,3,2,1,0,2,3,31,1,1,2,1,1,0,1
0,1,24,3,5,3863,1,1,1,1,0,2,4,32,0,3,1,1,1,0,1
0,3,7,1,1,2329,1,4,1,2,1,1,2,45,0,1,1,1,1,0,1
1,3,9,1,3,918,1,1,4,2,0,1,3,30,0,1,1,1,1,0,1
1,3,24,4,6,1837,1,3,4,2,0,4,4,34,1,3,1,2,1,0,1
1,1,36,1,3,3349,1,1,4,2,0,2,1,28,0,1,1,3,1,1,1
0,4,10,1,3,1275,1,4,4,2,0,2,3,23,0,1,1,1,1,0,1
0,2,24,4,3,2828,4,1,4,1,0,4,2,22,2,1,1,1,1,1,1
0,1,24,2,5,4526,1,1,3,1,0,2,2,74,0,1,1,3,1,1,1
1,3,36,1,1,2671,3,1,4,2,2,4,4,50,0,3,1,1,1,0,1
0,1,18,1,1,2051,1,4,4,1,0,1,2,33,0,1,1,1,1,0,1
0,1,15,1,4,1300,2,2,4,1,0,4,4,45,1,3,1,1,2,0,1
1,2,12,1,8,741,3,5,4,2,0,3,3,22,0,1,1,1,1,0,1
1,4,10,1,2,1240,3,2,1,2,0,4,4,48,0,3,1,2,2,0,1
0,2,21,1,1,3357,5,4,4,2,0,2,1,29,1,1,1,1,1,0,1
0,2,24,4,4,3632,1,1,1,2,1,4,1,22,1,2,1,1,1,0,0
1,1,18,3,3,1808,1,3,4,2,0,1,2,22,0,1,1,1,1,0,1
0,3,48,5,5,12204,2,1,2,1,0,2,1,48,1,1,1,3,1,1,1
0,3,60,3,1,9157,2,1,2,1,0,2,4,27,0,3,1,3,1,0,1
0,2,6,2,2,3676,1,1,1,1,0,3,2,37,0,2,3,1,2,0,1
1,3,30,1,3,3441,3,1,2,2,2,4,1,21,0,2,1,1,1,0,1
0,1,12,1,2,640,1,1,4,4,0,2,2,49,0,1,1,2,1,0,1
0,3,21,2,5,3652,1,3,2,1,0,3,3,27,0,1,2,1,1,0,1
1,1,18,2,2,1530,1,1,3,1,0,2,3,32,1,1,2,1,1,0,1
1,1,48,1,5,3914,2,1,4,4,0,2,2,38,1,1,1,1,1,0,1
0,2,12,1,3,1858,1,4,4,2,0,1,1,22,0,2,1,1,1,0,1
1,2,18,1,1,2600,1,1,4,1,0,4,4,65,0,3,2,1,1,0,1
0,1,15,1,1,1979,2,2,4,1,0,2,1,35,0,1,1,1,1,0,1
0,4,6,1,3,2116,1,1,2,1,0,2,2,41,0,1,1,1,1,1,1
1,3,9,4,2,1437,3,3,2,1,0,3,4,29,0,1,1,1,1,0,1
0,1,42,2,3,4042,4,1,4,1,0,4,2,36,0,1,2,1,1,1,1
0,1,9,1,6,3832,2,2,1,1,0,4,2,64,0,1,1,2,1,0,1
0,2,24,1,1,3660,1,1,2,2,0,4,1,28,0,1,1,1,1,0,1
1,2,18,4,3,1553,1,1,4,1,0,3,1,44,1,1,1,1,1,0,1
0,3,15,1,1,1444,2,4,4,1,0,1,3,23,0,1,1,1,1,0,1
1,1,9,1,3,1980,1,4,2,2,2,2,1,19,0,2,2,1,1,0,1
1,3,24,1,2,1355,1,4,3,2,0,4,1,25,0,1,1,2,1,1,1
0,1,12,1,6,1393,1,2,4,1,0,4,3,47,1,1,3,1,2,1,1
0,1,24,1,1,1376,4,3,4,2,0,1,1,28,0,1,1,1,1,0,1
0,1,60,3,1,15653,1,3,2,1,0,4,1,21,0,1,2,1,1,1,1
0,1,12,1,1,1493,1,4,4,2,0,3,1,34,0,1,1,1,2,0,1
1,2,42,3,1,4370,1,3,3,1,0,2,3,26,1,1,2,1,2,1,1
1,2,18,1,6,750,1,5,4,2,0,1,2,27,0,1,1,4,1,0,1
0,3,15,1,7,1308,1,2,4,1,0,4,1,38,0,1,2,2,1,0,1
1,1,15,1,6,4623,3,1,3,1,0,2,3,40,0,1,1,3,1,1,1
0,1,24,2,1,1851,1,3,4,3,1,2,1,33,0,1,2,1,1,1,1
0,2,18,2,1,1880,1,3,4,3,0,1,3,32,0,1,2,3,1,1,1
1,1,36,3,5,7980,2,4,4,1,0,4,1,27,0,2,2,1,1,1,1
0,2,30,5,3,4583,1,1,2,4,1,2,2,32,0,1,2,1,1,0,1
1,1,12,1,2,1386,4,1,2,2,0,2,3,26,0,1,1,1,1,0,1
1,4,24,1,2,947,1,3,4,1,0,3,4,38,1,3,1,1,2,0,1
1,2,12,1,6,684,1,1,4,1,0,4,1,40,0,2,1,2,2,0,1
0,2,48,1,6,7476,1,3,4,1,0,1,4,50,0,3,1,3,1,1,1
1,3,12,1,3,1922,1,1,4,1,0,2,3,37,0,1,1,2,1,0,1
1,2,24,1,2,2303,1,2,4,1,2,1,2,45,0,1,1,1,1,0,1
1,3,36,3,2,8086,3,2,2,1,0,4,1,42,0,1,4,3,1,1,1
0,1,24,2,4,2346,1,3,4,1,0,3,1,35,0,1,2,1,1,1,1
0,2,14,1,2,3973,1,5,1,1,0,4,4,22,0,3,1,1,1,0,1
1,3,12,1,2,888,1,2,4,1,0,4,1,41,1,1,1,2,2,0,1
0,1,48,1,1,10222,2,3,4,1,0,3,1,37,2,1,1,1,1,1,1
0,3,30,5,5,4221,1,1,2,2,0,1,1,28,0,1,2,1,1,0,1
0,3,18,2,3,6361,1,2,2,1,0,1,4,41,0,1,1,1,1,1,1
0,4,12,1,1,1297,1,1,3,3,0,4,2,23,0,2,1,1,1,0,1
1,2,12,1,2,900,2,1,4,3,0,2,1,23,0,1,1,1,1,0,1
0,1,21,1,3,2241,1,2,4,1,0,2,2,50,0,1,2,1,1,0,1
0,3,6,3,3,1050,1,5,4,1,0,1,3,35,2,1,2,3,1,1,1
0,4,6,2,6,1047,1,1,2,2,0,4,3,50,0,1,1,2,1,0,1
0,1,24,2,9,6314,1,5,4,1,2,2,4,27,1,1,2,3,1,1,1
0,3,30,4,3,3496,5,1,4,1,0,2,1,34,2,1,1,1,2,1,1
0,1,48,4,5,3609,1,1,1,2,0,1,2,27,2,1,1,1,1,0,1
1,2,12,2,2,4843,1,2,3,1,2,4,3,43,0,2,2,1,1,1,1
0,4,30,2,1,3017,1,2,4,1,0,4,3,47,0,1,1,1,1,0,1
0,1,24,2,5,4139,3,1,3,1,0,3,3,27,0,1,2,2,1,1,1
0,1,36,1,5,5742,3,3,2,1,0,2,1,31,0,1,2,1,1,1,1
0,1,60,1,2,10366,1,2,2,1,0,4,3,42,0,1,1,3,1,1,1
0,1,6,2,2,2080,4,1,1,3,0,2,1,24,0,1,1,1,1,0,1
1,1,21,3,5,2580,4,4,4,1,0,2,2,41,1,1,1,2,2,0,1
0,1,30,2,1,4530,1,3,4,2,0,4,1,26,0,2,1,3,1,1,1
0,1,24,2,3,5150,1,2,4,1,0,4,1,33,0,1,1,1,1,1,1
1,3,72,1,1,5595,3,1,2,3,0,2,1,24,0,1,1,1,1,0,1
0,2,24,1,1,2384,1,2,4,1,0,4,2,64,1,2,1,2,1,0,1
0,1,18,1,1,1453,1,4,3,2,0,1,2,26,0,1,1,1,1,0,1
0,1,6,1,6,1538,1,4,1,2,0,2,4,56,0,1,1,1,1,0,1
0,1,12,1,1,2279,2,1,4,1,0,4,4,37,0,3,1,1,1,1,1
0,1,15,3,1,1478,1,1,4,3,0,3,2,33,1,1,2,1,1,0,1
0,1,24,2,1,5103,1,4,3,3,0,3,4,47,0,3,3,1,1,1,1
0,3,36,3,5,9857,3,3,1,1,0,3,3,31,0,1,2,2,2,1,1
0,1,60,1,2,6527,2,1,4,1,0,4,4,34,0,3,1,1,2,1,1
0,4,10,2,1,1347,2,3,4,1,0,2,3,27,0,1,2,1,1,1,1
0,3,36,3,2,2862,3,2,4,1,0,3,4,30,0,3,1,1,1,0,1
0,1,9,1,1,2753,3,2,3,1,2,4,1,35,0,1,1,1,1,1,1
0,2,12,1,2,3651,5,1,1,1,0,3,3,31,0,1,1,1,2,0,1
0,2,15,2,3,975,1,1,2,4,0,3,3,25,0,1,2,1,1,0,1
0,3,15,1,7,2631,3,1,3,2,0,2,2,25,0,1,1,2,1,0,1
0,3,24,1,1,2896,3,4,2,1,0,1,1,29,0,1,1,1,1,0,1
0,2,6,2,2,4716,2,4,1,1,0,3,2,44,0,1,2,2,2,0,1
0,1,24,1,1,2284,1,3,4,1,0,2,1,28,0,1,1,1,1,1,1
0,1,6,1,4,1236,4,1,2,1,0,4,3,50,0,2,1,1,1,0,1
0,3,12,1,1,1103,1,3,4,1,1,3,2,29,0,1,2,1,1,0,0
0,1,12,2,2,926,1,5,1,2,0,2,3,38,0,1,1,4,1,0,1
0,1,18,2,1,1800,1,1,4,1,0,2,1,24,0,1,2,1,1,0,1
0,4,15,1,6,1905,1,2,4,1,0,4,1,40,0,2,1,3,1,1,1
1,1,12,1,3,1123,4,1,4,2,0,4,1,29,0,2,1,2,1,0,1
1,2,48,2,4,6331,1,2,4,1,0,4,4,46,0,3,2,1,1,1,1
0,4,24,1,1,1377,3,2,4,2,0,2,4,47,0,3,1,1,1,1,1
0,3,30,3,5,2503,3,2,4,1,0,2,3,41,2,1,2,1,1,0,1
0,3,27,1,5,2528,1,4,4,2,0,1,3,32,0,1,1,1,2,1,1
0,1,15,1,2,5324,4,2,1,2,0,4,4,35,0,3,1,1,1,0,1
1,3,48,1,2,6560,3,3,3,1,0,2,3,24,0,1,1,1,1,0,1
1,3,12,5,3,2969,1,4,4,2,0,3,3,25,0,2,2,1,1,0,1
0,3,9,1,1,1206,1,2,4,2,0,4,2,25,0,1,1,1,1,0,1
0,3,9,1,1,2118,1,1,2,1,0,2,2,37,0,1,1,2,2,0,1
0,1,18,2,1,629,4,2,4,1,0,3,3,32,1,1,2,3,1,1,1
1,2,6,4,6,1198,1,2,4,2,0,4,4,35,0,3,1,1,1,0,1
0,1,21,1,4,2476,2,2,4,1,0,4,2,46,0,1,1,3,1,1,1
0,2,9,2,1,1138,1,1,4,1,0,4,2,25,0,1,2,2,1,0,1
1,3,60,1,2,14027,1,3,4,1,0,2,4,27,0,1,1,3,1,1,1
0,1,30,2,4,7596,2,2,1,1,0,4,1,63,0,1,2,1,1,0,1
0,1,30,2,1,3077,2,2,3,1,0,2,1,40,0,1,2,1,2,1,1
0,1,18,1,1,1505,1,1,4,1,0,2,4,32,0,3,1,3,1,1,1
0,4,24,2,1,3148,2,1,3,1,0,2,1,31,0,1,2,1,1,1,1
0,3,20,5,4,6148,3,2,3,3,0,4,1,31,1,1,2,1,1,1,1
1,4,9,5,1,1337,1,4,4,1,0,2,1,34,0,1,2,3,1,1,1
1,3,6,4,6,433,5,4,4,2,0,2,3,24,1,2,1,1,2,0,1
1,2,12,1,2,1228,1,1,4,2,0,2,2,24,0,1,1,2,1,0,1
0,3,9,1,1,790,4,1,4,2,0,3,2,66,0,1,1,2,1,0,1
1,1,27,1,2,2570,1,1,3,2,0,3,2,21,0,2,1,1,1,0,1
0,1,6,2,2,250,5,1,2,2,0,2,2,41,1,1,2,2,1,0,1
0,1,15,2,1,1316,4,1,2,3,0,2,3,47,0,1,2,2,1,0,1
1,2,18,1,1,1882,1,1,4,2,0,4,1,25,1,2,2,1,1,0,1
1,3,48,4,5,6416,1,2,4,2,0,3,4,59,0,2,1,1,1,0,1
0,4,24,2,5,1275,5,1,2,4,0,4,2,36,0,1,2,1,1,1,1
0,3,24,3,1,6403,1,4,1,1,0,2,1,33,0,1,1,1,1,0,1
1,2,24,1,1,1987,1,1,2,1,0,4,2,21,0,2,1,2,2,0,1
0,3,8,1,1,760,1,3,4,2,1,2,2,44,0,1,1,2,1,0,1
0,1,24,1,4,2603,5,1,2,2,0,4,1,28,0,2,1,1,1,1,1
0,1,4,2,2,3380,1,3,1,2,0,1,2,37,0,1,1,1,2,0,1
0,3,36,4,8,3990,2,4,3,2,0,2,4,29,1,1,1,4,1,0,1
1,3,24,1,4,11560,1,1,1,2,0,4,1,23,0,2,2,3,1,0,1
0,2,18,1,2,4380,3,1,3,1,0,4,1,35,0,1,1,2,2,1,1
0,1,6,2,2,6761,1,3,1,1,0,3,4,45,0,1,2,3,2,1,1
1,3,30,5,5,4280,3,1,4,2,0,4,1,26,0,2,2,2,1,0,1
0,2,24,4,2,2325,3,3,2,1,0,3,1,32,1,1,1,1,1,0,1
0,3,10,4,1,1048,1,1,4,1,0,4,2,23,2,1,1,2,1,0,1
0,1,21,1,1,3160,2,2,4,1,0,3,3,41,0,1,1,1,1,1,1
0,2,24,4,3,2483,4,1,4,1,0,4,2,22,2,1,1,1,1,1,1
0,2,39,2,3,14179,2,3,4,1,0,4,3,30,0,1,2,3,1,1,1
0,2,13,2,5,1797,1,4,3,1,0,1,3,28,1,1,2,2,1,0,1
0,2,15,1,2,2511,1,5,1,2,0,4,1,23,0,2,1,1,1,0,1
1,2,12,1,2,1274,1,4,3,2,0,1,2,37,0,1,1,2,1,0,1
0,1,21,1,4,5248,2,1,1,1,0,3,1,26,0,1,1,1,1,0,1
0,1,15,1,4,3029,1,3,2,1,0,2,1,33,0,1,1,1,1,0,1
0,2,6,1,3,428,1,2,2,2,0,1,3,49,1,1,1,1,1,1,1
1,2,18,1,2,976,1,4,1,2,0,2,1,23,0,1,1,2,1,0,1
0,3,12,1,5,841,3,3,2,2,0,4,2,23,0,2,1,2,1,0,1
0,1,30,2,1,5771,1,3,4,2,0,2,1,25,0,1,2,1,1,0,1
1,1,12,3,7,1555,5,2,4,1,0,4,4,55,0,3,2,1,2,0,1
1,2,24,1,2,1285,2,3,4,2,0,4,4,32,0,2,1,1,1,0,1
0,4,6,2,2,1299,1,1,1,1,0,1,2,74,0,1,3,4,2,0,0
1,4,15,2,1,1271,2,1,3,1,0,4,4,39,0,3,2,1,1,1,1
0,1,24,1,2,1393,1,1,2,1,1,2,2,31,0,1,1,1,1,1,1
1,2,12,2,2,691,1,2,4,1,0,3,3,35,0,1,2,1,1,0,1
0,1,15,2,2,5045,2,2,1,2,0,4,1,59,0,1,1,1,1,1,1
1,2,18,2,3,2124,1,1,4,2,0,4,2,24,0,2,2,1,1,0,1
0,2,12,1,1,2214,1,1,4,1,0,3,3,24,0,1,1,2,1,0,1
1,1,21,2,2,12680,2,2,4,1,0,4,4,30,0,3,1,3,1,1,1
0,1,24,2,2,2463,3,3,4,3,0,3,3,27,0,1,2,1,1,1,1
0,3,12,1,1,1155,1,2,3,3,1,3,2,40,1,1,2,2,1,0,1
1,2,30,1,3,3108,1,4,2,4,0,4,3,31,0,1,1,2,1,0,1
0,1,10,1,4,2901,2,4,1,2,0,4,2,31,0,2,1,1,1,0,1
0,3,12,2,3,3617,1,2,1,1,0,4,1,28,0,2,3,1,1,1,1
0,1,12,2,1,1655,1,2,2,1,0,4,2,63,0,1,2,2,1,1,1
0,2,24,1,4,2812,2,2,2,2,0,4,2,26,0,2,1,1,1,0,1
1,2,36,2,6,8065,1,1,3,2,0,2,4,25,0,1,2,3,1,1,1
0,1,21,2,4,3275,1,2,1,1,0,4,1,36,0,1,1,3,1,1,1
0,1,24,2,1,2223,3,2,4,1,0,4,3,52,1,1,2,1,1,0,1
0,4,12,2,2,1480,4,5,2,1,0,4,4,66,1,3,3,4,1,0,1
1,2,24,1,2,1371,2,1,4,2,0,4,2,25,0,2,1,1,1,0,1
0,1,36,2,2,3535,1,3,4,1,0,4,1,37,0,1,2,1,1,1,1
0,2,18,1,1,3509,1,3,4,2,1,1,2,25,0,1,1,1,1,0,1
0,1,36,2,4,5711,5,2,4,1,0,2,1,38,0,1,2,3,1,1,1
0,3,18,1,7,3872,1,5,2,2,0,4,1,67,0,1,1,1,1,1,1
1,3,39,2,1,4933,1,3,2,1,1,2,2,25,0,1,2,1,1,0,1
0,1,24,2,2,1940,5,2,4,1,0,4,2,60,0,1,1,1,1,1,1
0,3,12,5,10,1410,1,1,2,1,0,2,2,31,0,1,1,2,1,1,1
1,3,12,1,2,836,3,4,4,2,0,2,3,23,1,1,1,2,1,0,1
0,3,20,1,4,6468,2,5,1,4,0,4,2,60,0,1,1,3,1,1,1
0,3,18,1,5,1941,5,1,4,1,0,2,3,35,0,1,1,2,1,1,1
0,1,22,1,1,2675,4,2,3,1,0,4,1,40,0,1,1,1,1,0,1
0,1,48,2,4,2751,2,2,4,1,0,3,1,38,0,1,2,1,2,1,1
1,3,48,3,6,6224,1,2,4,1,0,4,4,50,0,3,1,1,1,0,1
1,2,40,2,6,5998,1,1,4,1,0,3,4,27,1,1,1,1,1,1,1
1,3,21,1,5,1188,1,2,2,2,0,4,3,39,0,1,1,1,2,0,1
0,1,24,1,4,6313,2,2,3,1,0,4,1,41,0,1,1,3,2,1,1
0,1,6,2,3,1221,2,1,1,3,0,2,3,27,0,1,2,1,1,0,1
0,4,24,1,3,2892,1,2,3,4,0,4,4,51,0,3,1,1,1,0,1
0,1,24,1,3,3062,4,2,4,1,0,3,4,32,0,2,1,1,1,1,1
0,1,9,1,3,2301,3,4,2,2,0,4,3,22,0,2,1,1,1,0,1
1,2,18,1,4,7511,2,2,1,1,0,4,3,51,0,3,1,1,2,1,1
0,1,12,2,3,1258,1,4,2,2,0,4,3,22,0,2,2,2,1,0,1
0,1,24,3,2,717,2,2,4,3,0,4,1,54,0,1,2,1,1,1,1
0,3,9,1,2,1549,2,4,4,1,0,2,2,35,0,1,1,4,1,0,1
0,1,24,2,6,1597,1,2,4,1,0,4,4,54,0,3,2,1,2,0,1
0,3,18,2,1,1795,1,2,3,2,1,4,2,48,1,2,2,2,1,1,1
0,2,20,2,3,4272,1,2,1,2,0,4,3,24,0,1,2,1,1,0,1
0,1,12,2,1,976,2,2,4,1,0,4,1,35,0,1,2,1,1,0,1
0,3,12,1,2,7472,2,5,1,2,0,2,2,24,0,2,1,4,1,0,1
1,2,36,1,2,9271,1,3,2,1,0,1,1,24,0,1,1,1,1,1,1
0,3,6,1,1,590,1,4,3,3,0,3,2,26,0,1,1,2,1,0,0
0,1,12,2,1,930,2,2,4,1,0,4,2,65,0,1,4,1,1,0,1
0,3,42,4,4,9283,1,5,1,1,0,2,4,55,1,3,1,3,1,1,1
1,3,15,5,2,1778,1,4,2,2,0,1,2,26,0,2,2,4,1,0,1
0,3,8,1,5,907,1,4,3,3,0,2,2,26,0,1,1,1,1,1,1
0,3,6,1,1,484,1,3,3,3,1,3,2,28,1,1,1,2,1,0,1
1,2,36,2,4,9629,1,3,4,1,0,4,1,24,0,1,2,1,1,1,1
1,2,48,1,8,3051,1,1,3,1,0,4,1,54,0,1,1,1,1,0,1
1,2,48,1,2,3931,1,3,4,1,0,4,4,46,0,3,1,1,2,0,1
0,3,36,3,2,7432,1,1,2,2,0,2,3,54,0,2,1,1,1,0,1
0,1,6,1,8,1338,4,1,1,4,0,4,2,62,0,1,1,1,1,0,1
0,1,6,2,1,1554,1,3,1,2,0,2,1,24,0,2,2,1,1,1,1
0,2,36,1,9,15857,1,5,2,4,2,3,1,43,0,1,1,3,1,0,1
1,2,18,1,1,1345,1,1,4,3,0,3,2,26,1,1,1,1,1,0,1
0,1,12,1,2,1101,1,1,3,3,0,2,2,27,0,1,2,1,1,1,1
0,4,12,1,1,3016,1,1,3,3,0,1,1,24,0,1,1,1,1,0,1
1,2,36,1,3,2712,1,2,2,1,0,2,3,41,1,1,1,1,2,0,1
0,2,8,2,2,731,1,2,4,1,0,4,2,47,0,1,2,2,1,0,1
0,1,18,2,3,3780,1,4,3,4,0,2,1,35,0,1,2,3,1,1,1
0,2,21,2,2,1602,1,2,4,3,0,3,1,30,0,1,2,1,1,1,1
1,2,18,2,2,3966,1,2,1,2,0,4,2,33,1,2,3,1,1,1,1
1,1,18,5,5,4165,1,1,2,1,0,2,1,36,2,1,2,1,2,0,1
1,2,36,1,4,8335,2,2,3,1,0,4,4,47,0,3,1,1,1,0,1
0,3,48,3,5,6681,2,1,4,1,0,4,4,38,0,3,1,1,2,1,1
0,1,24,3,5,2375,4,1,4,1,0,2,1,44,0,1,2,1,2,1,1
1,2,18,1,2,1216,1,4,4,2,0,3,1,23,0,2,1,1,1,1,1
1,2,45,5,5,11816,1,2,2,1,0,4,1,29,0,2,2,1,1,0,1
0,3,24,1,1,5084,2,2,2,2,0,4,1,42,0,1,1,1,1,1,1
1,4,15,1,1,2327,1,4,2,2,0,3,2,25,0,1,1,2,1,0,1
1,2,12,5,2,1082,1,1,4,1,0,4,1,48,1,1,2,1,1,0,1
0,1,12,1,1,886,2,1,4,2,0,2,1,21,0,1,1,1,1,0,1
0,1,4,1,3,601,1,4,1,2,0,3,2,23,0,2,1,2,2,0,1
0,2,24,2,4,2957,1,2,4,1,0,4,3,63,0,1,2,1,1,1,1
0,1,24,2,1,2611,1,2,4,3,2,3,2,46,0,1,2,1,1,0,1
1,2,36,1,3,5179,1,3,4,1,0,2,3,29,0,1,1,1,1,0,1
0,1,21,3,4,2993,1,1,3,1,0,2,2,28,2,1,2,2,1,0,1
1,1,18,1,7,1943,1,4,4,2,0,4,2,23,0,1,1,1,1,0,1
0,1,24,4,5,1559,1,3,4,1,0,4,1,50,1,1,1,1,1,1,1
0,1,18,1,3,3422,1,2,4,1,0,4,3,47,1,1,3,1,2,1,1
0,3,21,1,3,3976,2,3,2,1,0,3,1,35,0,1,1,1,1,1,1
1,1,18,1,2,6761,2,1,2,1,0,4,1,68,0,2,2,1,1,0,1
0,1,24,1,2,1249,1,4,4,3,0,2,2,28,0,1,1,1,1,0,1
0,2,9,1,1,1364,1,3,3,1,0,4,2,59,0,1,1,1,1,0,1
1,2,12,1,1,709,1,2,4,1,0,4,2,57,2,1,1,2,1,0,1
1,2,20,2,2,2235,1,1,4,3,1,2,3,33,1,2,2,1,1,0,0
0,1,24,2,4,4042,2,3,3,1,0,4,3,43,0,1,2,1,1,1,1
0,1,15,2,1,1471,1,1,4,1,0,4,4,35,0,3,2,1,1,1,1
1,2,18,4,2,1442,1,3,4,1,0,4,4,32,0,3,2,2,2,0,1
0,1,36,3,2,10875,1,2,2,1,0,2,1,45,0,1,2,1,2,1,1
0,1,24,1,2,1474,3,4,4,3,0,3,2,33,0,1,1,1,1,1,1
0,1,10,1,10,894,2,3,4,2,0,3,3,40,0,1,1,1,1,1,1
0,1,15,2,3,3343,1,1,4,1,0,2,4,28,0,3,1,1,1,1,1
1,2,15,1,2,3959,1,1,3,2,0,2,3,29,0,1,1,1,1,1,1
0,1,9,1,2,3577,3,1,1,1,1,2,2,26,0,2,1,1,2,0,0
0,1,24,2,4,5804,5,1,4,1,0,2,2,27,0,1,2,1,1,0,1
1,1,18,3,5,2169,1,1,4,3,0,2,1,28,0,1,1,1,1,1,1
1,2,24,1,1,2439,1,4,4,2,0,4,2,35,0,1,1,1,1,1,1
0,1,27,2,3,4526,5,4,4,1,0,2,2,32,2,1,2,2,2,1,1
1,1,10,1,3,2210,1,1,2,1,0,2,2,25,1,2,1,2,1,0,1
0,1,15,1,3,2221,4,1,2,2,0,4,1,20,0,2,1,1,1,0,1
0,2,18,1,1,2389,1,4,4,2,0,1,1,27,2,1,1,1,1,0,1
0,1,12,2,3,3331,1,2,2,1,0,4,3,42,2,1,1,1,1,0,1
0,1,36,1,5,7409,2,2,3,1,0,2,3,37,0,1,2,1,1,0,1
0,2,12,1,3,652,1,2,4,2,0,4,3,24,0,2,1,1,1,0,1
0,1,36,3,3,7678,4,3,2,2,0,4,1,40,0,1,2,1,1,1,1
0,4,6,2,2,1343,1,2,1,1,0,4,2,46,0,1,2,1,2,0,0
0,2,24,2,5,1382,3,3,4,1,0,1,2,26,0,1,2,1,1,1,1
0,1,15,1,8,874,2,4,4,2,0,1,2,24,0,1,1,1,1,0,1
0,2,12,1,3,3590,1,1,2,1,2,2,3,29,0,1,1,2,2,0,1
0,3,11,2,2,1322,5,1,4,2,0,4,1,40,0,1,2,1,1,0,1
0,2,18,4,1,1940,1,4,3,1,2,4,4,36,1,3,1,3,1,1,1
0,1,36,1,1,3595,1,2,4,1,0,2,1,28,0,1,1,1,1,0,1
1,2,9,1,2,1422,1,4,3,1,0,2,4,27,0,3,1,3,1,1,1
0,1,30,2,1,6742,2,3,2,1,0,3,3,36,0,1,2,1,1,0,1
0,1,24,1,4,7814,1,3,3,1,0,3,1,38,0,1,1,3,1,1,1
0,1,24,1,4,9277,2,1,2,4,0,4,4,48,0,3,1,1,1,1,1
0,3,30,2,2,2181,2,2,4,1,0,4,2,36,0,1,2,1,1,0,1
0,1,18,2,1,1098,1,5,4,2,0,4,1,65,0,1,2,4,1,0,1
1,3,24,1,3,4057,1,3,3,4,0,3,1,43,0,1,1,1,1,1,1
1,2,12,1,6,795,1,4,4,2,0,4,3,53,0,1,1,1,1,0,1
0,3,24,2,5,2825,2,3,4,1,0,3,4,34,0,1,2,1,2,1,1
1,3,48,1,5,15672,1,1,2,1,0,2,1,23,0,1,1,1,1,1,1
0,1,36,2,2,6614,1,2,4,1,0,4,1,34,0,1,2,3,1,1,1
0,1,28,4,4,7824,2,4,3,1,1,4,2,40,1,2,2,1,2,1,1
0,2,27,2,5,2442,1,2,4,1,0,4,1,43,2,1,4,3,2,1,1
0,1,15,2,1,1829,1,2,4,1,0,4,1,46,0,1,2,1,1,1,1
0,2,12,2,2,2171,1,1,4,1,0,4,3,38,1,1,2,2,1,0,0
0,3,36,2,4,5800,1,1,3,1,0,4,1,34,0,1,2,1,1,1,1
0,1,18,2,1,1169,2,1,4,1,0,3,3,29,0,1,2,1,1,1,1
0,1,36,3,4,8947,2,3,3,1,0,2,1,31,2,1,1,3,2,1,1
0,2,21,1,1,2606,1,4,4,2,0,4,3,28,0,2,1,3,1,1,1
0,1,12,2,3,1592,5,3,3,2,0,2,3,35,0,1,1,1,1,0,0
0,1,15,1,3,2186,2,3,1,2,0,4,2,33,1,2,1,2,1,0,1
1,2,18,1,3,4153,1,1,2,1,2,3,1,42,0,1,1,1,1,0,1
1,2,16,2,2,2625,1,2,2,1,1,4,3,43,1,2,1,1,1,1,1
0,1,20,2,2,3485,2,4,2,4,0,4,2,44,0,1,2,1,1,1,1
0,1,36,2,4,10477,2,2,2,1,0,4,4,42,0,3,2,1,1,0,1
0,1,15,1,1,1386,2,1,4,3,0,2,2,40,0,2,1,1,1,1,1
0,1,24,1,1,1278,1,2,4,1,0,1,2,36,0,1,1,3,1,1,1
0,2,12,1,1,1107,1,1,2,1,0,2,2,20,0,2,1,3,2,1,1
0,2,21,1,2,3763,2,3,2,1,2,2,2,24,0,1,1,2,1,0,0
0,3,36,1,6,3711,2,1,2,3,0,2,1,27,0,1,1,1,1,0,1
0,1,15,3,4,3594,1,4,1,2,0,2,3,46,0,1,2,2,1,0,1
0,3,9,1,2,3195,2,1,1,2,0,2,2,33,0,1,1,2,1,0,1
0,1,36,3,1,4454,1,1,4,2,0,4,2,34,0,1,2,1,1,0,1
1,3,24,2,3,4736,1,4,2,2,0,4,1,25,1,1,1,2,1,0,1
0,3,30,1,1,2991,2,2,2,2,0,4,1,25,0,1,1,1,1,0,1
0,1,11,1,5,2142,5,2,1,4,0,2,2,28,0,1,1,1,1,1,1
1,2,24,4,5,3161,1,1,4,1,0,2,3,31,0,2,1,1,1,1,1
1,3,48,5,9,18424,1,1,1,2,0,2,3,32,1,1,1,3,1,1,0
0,1,10,1,4,2848,3,1,1,1,2,2,2,32,0,1,1,1,2,0,1
1,2,6,1,2,14896,1,2,1,1,0,4,4,68,1,1,1,3,1,1,1
1,2,24,1,3,2359,3,5,1,4,0,1,3,33,0,1,1,1,1,0,1
1,2,24,1,3,3345,1,2,4,1,0,2,3,39,0,2,1,3,1,1,1
0,1,18,2,3,1817,1,1,4,2,0,2,4,28,0,1,2,1,1,0,1
0,1,48,3,1,12749,4,3,4,1,0,1,1,37,0,1,1,3,1,1,1
1,2,9,1,1,1366,1,4,3,2,0,4,3,22,0,2,1,1,1,0,1
0,3,12,1,2,2002,1,3,3,1,0,4,3,30,0,2,1,1,2,1,1
1,2,24,4,3,6872,1,4,2,4,0,1,3,55,1,1,1,1,1,1,1
1,2,12,4,2,697,1,4,4,1,0,2,1,46,1,1,2,1,1,1,1
0,2,18,2,3,1049,1,4,4,2,0,4,3,21,0,2,1,1,1,0,1
1,2,48,1,4,10297,1,3,4,1,0,4,4,39,2,3,3,1,2,1,1
0,1,30,1,1,1867,2,2,4,1,0,4,1,58,0,1,1,1,1,1,1
0,2,12,3,2,1344,1,1,4,1,0,2,2,43,0,1,2,2,2,0,1
0,2,24,1,3,1747,1,4,4,1,2,1,3,24,0,1,1,2,1,0,0
1,3,9,1,1,1670,1,4,4,2,0,2,1,22,0,1,1,1,1,1,1
0,1,9,2,2,1224,1,1,3,1,0,1,2,30,0,1,2,1,1,0,1
0,1,12,2,1,522,4,2,4,1,0,4,3,42,0,1,2,1,2,1,1
0,2,12,1,1,1498,1,1,4,2,0,1,1,23,1,1,1,1,1,0,1
1,3,30,3,1,1919,3,4,4,1,0,3,4,30,2,1,2,3,1,0,1
1,4,9,1,1,745,1,1,3,2,0,2,2,28,0,1,1,2,1,0,1
0,3,6,1,1,2063,1,4,4,3,0,3,1,30,0,2,1,3,1,1,1
1,3,60,1,6,6288,1,1,4,1,0,4,4,42,0,3,1,1,1,0,1
0,1,24,2,4,6842,2,1,2,1,0,4,3,46,0,1,2,3,2,1,1
0,1,12,1,2,3527,2,4,2,1,0,3,3,45,0,1,1,3,2,1,1
0,1,10,1,2,1546,1,1,3,1,0,2,2,31,0,1,1,2,2,0,0
0,1,24,1,3,929,2,3,4,1,0,2,1,31,2,1,1,1,1,1,1
0,1,4,2,2,1455,1,3,2,1,0,1,2,42,0,1,3,2,2,0,1
0,2,15,1,3,1845,1,4,4,2,1,1,3,46,0,2,1,1,1,0,1
0,3,48,5,2,8358,4,4,1,2,0,1,1,30,0,1,2,1,1,0,1
1,2,24,4,3,3349,4,4,4,1,0,4,4,30,0,3,1,1,2,1,1
0,1,12,1,2,2859,2,5,4,1,0,4,4,38,0,1,1,3,1,1,1
1,1,18,1,3,1533,1,4,4,3,2,1,3,43,0,1,1,2,2,0,1
1,1,24,1,1,3621,3,2,2,1,0,4,1,31,0,1,2,1,1,0,1
0,3,18,2,5,3590,1,5,3,3,0,3,1,40,0,1,3,4,2,1,1
1,2,36,3,5,2145,1,3,2,1,0,1,1,24,0,1,2,1,1,1,1
1,3,24,1,4,4113,4,4,3,2,0,4,1,28,0,2,1,1,1,0,1
1,1,36,1,3,10974,1,5,4,2,0,2,1,26,0,1,2,3,1,1,1
0,2,12,1,2,1893,1,1,4,2,1,4,3,29,0,1,1,1,1,1,1
0,2,24,2,1,1231,5,2,4,2,0,4,3,57,0,2,2,3,1,1,1
0,4,30,2,1,3656,2,2,4,1,0,4,3,49,2,1,2,2,1,0,1
0,3,9,2,1,1154,1,2,2,1,0,4,2,37,0,1,3,2,1,0,1
1,2,28,1,2,4006,1,1,3,1,0,2,1,45,0,1,1,2,1,0,1
0,3,24,1,3,3069,3,2,4,1,0,4,4,30,0,3,1,1,1,0,1
0,1,6,2,1,1740,1,2,2,3,0,2,2,30,0,2,2,1,1,0,1
0,3,21,3,2,2353,1,1,1,4,0,4,3,47,0,1,2,1,1,0,1
0,1,15,1,2,3556,2,1,3,1,0,2,4,29,0,1,1,1,1,0,1
1,1,24,1,1,2397,4,2,3,1,0,2,1,35,1,1,2,1,1,1,1
0,3,6,1,7,454,1,4,3,3,0,1,3,22,0,1,1,2,1,0,1
0,3,30,1,1,1715,2,1,4,2,0,1,1,26,0,1,1,1,1,0,1
1,3,27,2,1,2520,4,1,4,1,0,2,3,23,0,1,2,2,1,0,1
0,1,15,1,1,3568,1,2,4,2,0,2,1,54,1,2,1,3,1,1,1
0,1,42,1,1,7166,2,3,2,3,0,4,3,29,0,2,1,1,1,1,1
0,2,11,2,2,3939,1,1,1,1,0,2,2,40,0,1,2,2,2,0,1
0,3,15,1,7,1514,3,1,4,1,1,2,2,22,0,1,1,1,1,0,1
0,1,24,1,2,7393,1,1,1,1,0,4,3,43,0,1,1,2,2,0,1
1,2,24,4,2,1193,1,5,1,2,2,4,4,29,0,2,2,4,1,0,1
1,2,60,1,5,7297,1,2,4,1,2,4,4,36,0,2,1,1,1,0,1
0,1,30,2,1,2831,1,1,4,2,0,2,1,33,0,1,1,1,1,1,1
0,4,24,1,1,1258,4,1,3,2,0,3,1,57,0,1,1,2,1,0,1
0,3,6,1,1,753,1,1,2,2,1,3,2,64,0,1,1,1,1,0,1
0,3,18,3,5,2427,2,2,4,1,0,2,3,42,0,1,2,1,1,0,1
1,1,24,3,2,2538,1,2,4,1,0,4,1,47,0,1,2,2,2,0,1
1,3,15,4,2,1264,3,1,2,3,0,2,3,25,0,2,1,1,1,0,1
1,3,30,2,3,8386,1,3,2,1,0,2,3,49,0,1,1,1,1,0,1
1,1,48,1,5,4844,1,5,3,1,0,2,1,33,1,2,1,3,1,1,1
0,4,21,1,2,2923,3,1,1,2,0,1,1,28,1,1,1,3,1,1,1
1,2,36,1,4,8229,1,1,2,1,0,2,3,26,0,1,1,1,2,0,1
0,1,24,2,3,2028,1,3,2,1,0,2,3,30,0,1,2,2,1,0,1
0,2,15,2,3,1433,1,1,4,2,0,3,3,25,0,2,2,1,1,0,1
0,4,42,5,5,6289,1,4,2,4,0,1,3,33,0,1,2,1,1,0,1
0,1,13,1,1,1409,3,5,2,2,0,4,2,64,0,1,1,1,1,0,1
0,2,24,1,4,6579,1,5,4,1,0,2,4,29,0,3,1,3,1,1,1
0,3,24,2,1,1743,1,2,4,1,0,2,3,48,0,1,2,2,1,0,1
0,1,12,2,6,3565,2,4,2,1,0,1,3,37,0,1,2,2,2,0,1
0,1,15,4,1,1569,3,2,4,1,0,4,1,34,1,1,1,2,2,0,1
0,2,18,1,1,1936,2,3,2,3,0,4,1,23,0,2,2,2,1,0,1
0,2,36,1,3,3959,1,5,4,1,0,3,3,30,0,1,1,3,1,1,1
0,1,12,1,2,2390,2,2,4,1,0,3,1,50,0,1,1,1,1,1,1
0,1,12,1,3,1736,1,3,3,2,0,4,2,31,0,1,1,2,1,0,1
0,2,30,1,4,3857,1,1,4,4,0,4,3,40,0,1,1,3,1,1,1
0,1,12,1,1,804,1,2,4,1,0,4,1,38,0,1,1,1,1,0,1
1,2,45,1,1,1845,1,1,4,1,0,4,4,23,0,3,1,1,1,1,1
0,3,45,2,4,4576,3,5,3,1,0,4,1,27,0,1,1,1,1,0,1
